{
    "Counties": [
        {
            "County Name": "Alameda County",
            "Cities": [
                "Alameda",
                "Albany",
                "Berkeley",
                "Dublin",
                "Emeryville",
                "Fremont",
                "Hayward",
                "Livermore",
                "Newark",
                "Oakland",
                "Piedmont",
                "Pleasanton",
                "San Leandro",
                "Union City"
            ],
            "Timezone": {
                "Name": "Pacific",
                "Zone": "US/Pacific",
                "UTC_Offset": "-08:00"
            }
        },
        {
            "County Name": "Alpine County",
            "Cities": [],
            "Timezone": {
                "Name": "Pacific",
                "Zone": "US/Pacific",
                "UTC_Offset": "-08:00"
            }
        },
        {
            "County Name": "Amador County",
            "Cities": [
                "Amador City",
                "Ione",
                "Jackson",
                "Plymouth",
                "Sutter Creek"
            ],
            "Timezone": {
                "Name": "Pacific",
                "Zone": "US/Pacific",
                "UTC_Offset": "-08:00"
            }
        },
        {
            "County Name": "Butte County",
            "Cities": [
                "Biggs",
                "Chico",
                "Gridley",
                "Oroville",
                "Paradise"
            ],
            "Timezone": {
                "Name": "Pacific",
                "Zone": "US/Pacific",
                "UTC_Offset": "-08:00"
            }
        },
        {
            "County Name": "Calaveras County",
            "Cities": [
                "Angels Camp"
            ],
            "Timezone": {
                "Name": "Pacific",
                "Zone": "US/Pacific",
                "UTC_Offset": "-08:00"
            }
        },
        {
            "County Name": "Colusa County",
            "Cities": [
                "Colusa",
                "Williams"
            ],
            "Timezone": {
                "Name": "Pacific",
                "Zone": "US/Pacific",
                "UTC_Offset": "-08:00"
            }
        },
        {
            "County Name": "Contra Costa County",
            "Cities": [
                "Antioch",
                "Brentwood",
                "Clayton",
                "Concord",
                "Danville",
                "El Cerrito",
                "Hercules",
                "Lafayette",
                "Martinez",
                "Moraga",
                "Oakley",
                "Orinda",
                "Pittsburg",
                "Pleasant Hill",
                "Richmond",
                "San Pablo",
                "San Ramon",
                "Walnut Creek"
            ],
            "Timezone": {
                "Name": "Pacific",
                "Zone": "US/Pacific",
                "UTC_Offset": "-08:00"
            }
        },
        {
            "County Name": "Del Norte County",
            "Cities": [
                "Crescent City"
            ],
            "Timezone": {
                "Name": "Pacific",
                "Zone": "US/Pacific",
                "UTC_Offset": "-08:00"
            }
        },
        {
            "County Name": "El Dorado County",
            "Cities": [
                "Placerville",
                "South Lake Tahoe"
            ],
            "Timezone": {
                "Name": "Pacific",
                "Zone": "US/Pacific",
                "UTC_Offset": "-08:00"
            }
        },
        {
            "County Name": "Fresno County",
            "Cities": [
                "Clovis",
                "Coalinga",
                "Firebaugh",
                "Fowler",
                "Fresno",
                "Huron",
                "Kerman",
                "Kingsburg",
                "Mendota",
                "Orange Cove",
                "Parlier",
                "Reedley",
                "San Joaquin",
                "Sanger",
                "Selma"
            ],
            "Timezone": {
                "Name": "Pacific",
                "Zone": "US/Pacific",
                "UTC_Offset": "-08:00"
            }
        },
        {
            "County Name": "Glenn County",
            "Cities": [
                "Orland",
                "Willows"
            ],
            "Timezone": {
                "Name": "Pacific",
                "Zone": "US/Pacific",
                "UTC_Offset": "-08:00"
            }
        },
        {
            "County Name": "Humboldt County",
            "Cities": [
                "Arcata",
                "Blue Lake",
                "Eureka",
                "Ferndale",
                "Fortuna",
                "Rio Dell",
                "Trinidad"
            ],
            "Timezone": {
                "Name": "Pacific",
                "Zone": "US/Pacific",
                "UTC_Offset": "-08:00"
            }
        },
        {
            "County Name": "Imperial County",
            "Cities": [
                "Brawley",
                "Calexico",
                "Calipatria",
                "El Centro",
                "Holtville",
                "Imperial",
                "Westmorland"
            ],
            "Timezone": {
                "Name": "Pacific",
                "Zone": "US/Pacific",
                "UTC_Offset": "-08:00"
            }
        },
        {
            "County Name": "Inyo County",
            "Cities": [],
            "Timezone": {
                "Name": "Pacific",
                "Zone": "US/Pacific",
                "UTC_Offset": "-08:00"
            }
        },
        {
            "County Name": "Kern County",
            "Cities": [
                "Arvin",
                "Bakersfield",
                "California City",
                "Delano",
                "McFarland",
                "Maricopa",
                "Ridgecrest",
                "Shafter",
                "Taft",
                "Tehachapi",
                "Wasco"
            ],
            "Timezone": {
                "Name": "Pacific",
                "Zone": "US/Pacific",
                "UTC_Offset": "-08:00"
            }
        },
        {
            "County Name": "Kings County",
            "Cities": [
                "Avenal",
                "Corcoran",
                "Hanford",
                "Lemoore"
            ],
            "Timezone": {
                "Name": "Pacific",
                "Zone": "US/Pacific",
                "UTC_Offset": "-08:00"
            }
        },
        {
            "County Name": "Lake County",
            "Cities": [
                "Clearlake",
                "Lakeport"
            ],
            "Timezone": {
                "Name": "Pacific",
                "Zone": "US/Pacific",
                "UTC_Offset": "-08:00"
            }
        },
        {
            "County Name": "Lassen County",
            "Cities": [
                "Susanville"
            ],
            "Timezone": {
                "Name": "Pacific",
                "Zone": "US/Pacific",
                "UTC_Offset": "-08:00"
            }
        },
        {
            "County Name": "Los Angeles County",
            "Cities": [
                "Agoura Hills",
                "Alhambra",
                "Arcadia",
                "Artesia",
                "Avalon",
                "Azusa",
                "Baldwin Park",
                "Bell",
                "Bell Gardens",
                "Bellflower",
                "Beverly Hills",
                "Burbank",
                "Calabasas",
                "Carson",
                "Cerritos",
                "Claremont",
                "Commerce",
                "Compton",
                "Covina",
                "Cudahy",
                "Culver City",
                "Diamond Bar",
                "Downey",
                "Duarte",
                "El Monte",
                "El Segundo",
                "Gardena",
                "Glendale",
                "Glendora",
                "Hawthorne",
                "Hermosa Beach",
                "Hidden Hills",
                "Huntington Park",
                "Inglewood",
                "Irwindale",
                "La Canada Flintridge",
                "La Habra Heights",
                "La Mirada",
                "La Puente",
                "La Verne",
                "Lakewood",
                "Lancaster",
                "Lawndale",
                "Lomita",
                "Long Beach",
                "Los Angeles",
                "Lynwood",
                "Malibu",
                "Manhattan Beach",
                "Maywood",
                "Monrovia",
                "Montebello",
                "Monterey Park",
                "Norwalk",
                "Palmdale",
                "Paramount",
                "Pasadena",
                "Pico Rivera",
                "Pomona",
                "Rancho Palos Verdes",
                "Redondo Beach",
                "Rolling Hills",
                "Rolling Hills Estates",
                "Rosemead",
                "San Dimas",
                "San Fernando",
                "San Gabriel",
                "San Marino",
                "Santa Clarita",
                "Santa Fe Springs",
                "Santa Monica",
                "Sierra Madre",
                "Signal Hill",
                "South El Monte",
                "South Gate",
                "South Pasadena",
                "Temple City",
                "Torrance",
                "Vernon",
                "Walnut",
                "West Covina",
                "West Hollywood",
                "Westlake Village",
                "Whittier"
            ],
            "Timezone": {
                "Name": "Pacific",
                "Zone": "US/Pacific",
                "UTC_Offset": "-08:00"
            }
        },
        {
            "County Name": "Madera County",
            "Cities": [
                "Chowchilla",
                "Madera"
            ],
            "Timezone": {
                "Name": "Pacific",
                "Zone": "US/Pacific",
                "UTC_Offset": "-08:00"
            }
        },
        {
            "County Name": "Marin County",
            "Cities": [
                "Belvedere",
                "Corte Madera",
                "Fairfax",
                "Larkspur",
                "Mill Valley",
                "Novato",
                "Ross",
                "San Anselmo",
                "San Rafael",
                "Sausalito",
                "Tiburon"
            ],
            "Timezone": {
                "Name": "Pacific",
                "Zone": "US/Pacific",
                "UTC_Offset": "-08:00"
            }
        },
        {
            "County Name": "Mariposa County",
            "Cities": [],
            "Timezone": {
                "Name": "Pacific",
                "Zone": "US/Pacific",
                "UTC_Offset": "-08:00"
            }
        },
        {
            "County Name": "Mendocino County",
            "Cities": [
                "Fort Bragg",
                "Point Arena",
                "Ukiah",
                "Willits"
            ],
            "Timezone": {
                "Name": "Pacific",
                "Zone": "US/Pacific",
                "UTC_Offset": "-08:00"
            }
        },
        {
            "County Name": "Merced County",
            "Cities": [
                "Atwater",
                "Dos Palos",
                "Gustine",
                "Livingston",
                "Los Banos",
                "Merced"
            ],
            "Timezone": {
                "Name": "Pacific",
                "Zone": "US/Pacific",
                "UTC_Offset": "-08:00"
            }
        },
        {
            "County Name": "Modoc County",
            "Cities": [
                "Alturas"
            ],
            "Timezone": {
                "Name": "Pacific",
                "Zone": "US/Pacific",
                "UTC_Offset": "-08:00"
            }
        },
        {
            "County Name": "Mono County",
            "Cities": [
                "Mammoth Lakes"
            ],
            "Timezone": {
                "Name": "Pacific",
                "Zone": "US/Pacific",
                "UTC_Offset": "-08:00"
            }
        },
        {
            "County Name": "Monterey County",
            "Cities": [
                "Carmel-by-the-Sea",
                "Del Rey Oaks",
                "Gonzales",
                "Greenfield",
                "King City",
                "Marina",
                "Monterey",
                "Pacific Grove",
                "Salinas",
                "Sand City",
                "Seaside",
                "Soledad"
            ],
            "Timezone": {
                "Name": "Pacific",
                "Zone": "US/Pacific",
                "UTC_Offset": "-08:00"
            }
        },
        {
            "County Name": "Napa County",
            "Cities": [
                "American Canyon",
                "Calistoga",
                "Napa",
                "St. Helena",
                "Yountville"
            ],
            "Timezone": {
                "Name": "Pacific",
                "Zone": "US/Pacific",
                "UTC_Offset": "-08:00"
            }
        },
        {
            "County Name": "Nevada County",
            "Cities": [
                "Grass Valley",
                "Nevada City",
                "Truckee"
            ],
            "Timezone": {
                "Name": "Pacific",
                "Zone": "US/Pacific",
                "UTC_Offset": "-08:00"
            }
        },
        {
            "County Name": "Orange County",
            "Cities": [
                "Aliso Viejo",
                "Anaheim",
                "Brea",
                "Buena Park",
                "Costa Mesa",
                "Cypress",
                "Dana Point",
                "Fountain Valley",
                "Fullerton",
                "Garden Grove",
                "Huntington Beach",
                "Irvine",
                "La Habra",
                "La Palma",
                "Laguna Beach",
                "Laguna Hills",
                "Laguna Niguel",
                "Laguna Woods",
                "Lake Forest",
                "Los Alamitos",
                "Mission Viejo",
                "Newport Beach",
                "Orange",
                "Placentia",
                "Rancho Santa Margarita",
                "San Clemente",
                "San Juan Capistrano",
                "Santa Ana",
                "Seal Beach",
                "Stanton",
                "Tustin",
                "Villa Park",
                "Westminster",
                "Yorba Linda"
            ],
            "Timezone": {
                "Name": "Pacific",
                "Zone": "US/Pacific",
                "UTC_Offset": "-08:00"
            }
        },
        {
            "County Name": "Placer County",
            "Cities": [
                "Auburn",
                "Colfax",
                "Lincoln",
                "Loomis",
                "Rocklin",
                "Roseville"
            ],
            "Timezone": {
                "Name": "Pacific",
                "Zone": "US/Pacific",
                "UTC_Offset": "-08:00"
            }
        },
        {
            "County Name": "Plumas County",
            "Cities": [
                "Portola"
            ],
            "Timezone": {
                "Name": "Pacific",
                "Zone": "US/Pacific",
                "UTC_Offset": "-08:00"
            }
        },
        {
            "County Name": "Riverside County",
            "Cities": [
                "Banning",
                "Beaumont",
                "Blythe",
                "Calimesa",
                "Canyon Lake",
                "Cathedral City",
                "Coachella",
                "Corona",
                "Desert Hot Springs",
                "Eastvale",
                "Hemet",
                "Indian Wells",
                "Indio",
                "Jurupa Valley",
                "La Quinta",
                "Lake Elsinore",
                "Menifee",
                "Moreno Valley",
                "Murrieta",
                "Norco",
                "Palm Desert",
                "Palm Springs",
                "Perris",
                "Rancho Mirage",
                "Riverside",
                "San Jacinto",
                "Temecula",
                "Wildomar"
            ],
            "Timezone": {
                "Name": "Pacific",
                "Zone": "US/Pacific",
                "UTC_Offset": "-08:00"
            }
        },
        {
            "County Name": "Sacramento County",
            "Cities": [
                "Citrus Heights",
                "Elk Grove",
                "Folsom",
                "Galt",
                "Isleton",
                "Rancho Cordova",
                "Sacramento"
            ],
            "Timezone": {
                "Name": "Pacific",
                "Zone": "US/Pacific",
                "UTC_Offset": "-08:00"
            }
        },
        {
            "County Name": "San Benito County",
            "Cities": [
                "Hollister",
                "San Juan Bautista"
            ],
            "Timezone": {
                "Name": "Pacific",
                "Zone": "US/Pacific",
                "UTC_Offset": "-08:00"
            }
        },
        {
            "County Name": "San Bernardino County",
            "Cities": [
                "Adelanto",
                "Apple Valley",
                "Barstow",
                "Big Bear Lake",
                "Chino",
                "Chino Hills",
                "Colton",
                "Fontana",
                "Grand Terrace",
                "Hesperia",
                "Highland",
                "Loma Linda",
                "Montclair",
                "Needles",
                "Ontario",
                "Rancho Cucamonga",
                "Redlands",
                "Rialto",
                "San Bernardino",
                "Twentynine Palms",
                "Upland",
                "Victorville",
                "Yucaipa",
                "Yucca Valley"
            ],
            "Timezone": {
                "Name": "Pacific",
                "Zone": "US/Pacific",
                "UTC_Offset": "-08:00"
            }
        },
        {
            "County Name": "San Diego County",
            "Cities": [
                "Carlsbad",
                "Chula Vista",
                "Coronado",
                "Del Mar",
                "El Cajon",
                "Encinitas",
                "Escondido",
                "Imperial Beach",
                "La Mesa",
                "Lemon Grove",
                "National City",
                "Oceanside",
                "Poway",
                "San Diego",
                "San Marcos",
                "Santee",
                "Solana Beach",
                "Vista"
            ],
            "Timezone": {
                "Name": "Pacific",
                "Zone": "US/Pacific",
                "UTC_Offset": "-08:00"
            }
        },
        {
            "County Name": "San Francisco County",
            "Cities": [
                "San Francisco"
            ],
            "Timezone": {
                "Name": "Pacific",
                "Zone": "US/Pacific",
                "UTC_Offset": "-08:00"
            }
        },
        {
            "County Name": "San Joaquin County",
            "Cities": [
                "Escalon",
                "Lathrop",
                "Lodi",
                "Manteca",
                "Ripon",
                "Stockton",
                "Tracy"
            ],
            "Timezone": {
                "Name": "Pacific",
                "Zone": "US/Pacific",
                "UTC_Offset": "-08:00"
            }
        },
        {
            "County Name": "San Luis Obispo County",
            "Cities": [
                "Arroyo Grande",
                "Atascadero",
                "Grover Beach",
                "Morro Bay",
                "Paso Robles",
                "Pismo Beach",
                "San Luis Obispo"
            ],
            "Timezone": {
                "Name": "Pacific",
                "Zone": "US/Pacific",
                "UTC_Offset": "-08:00"
            }
        },
        {
            "County Name": "San Mateo County",
            "Cities": [
                "Atherton",
                "Belmont",
                "Brisbane",
                "Burlingame",
                "Colma",
                "Daly City",
                "East Palo Alto",
                "Foster City",
                "Half Moon Bay",
                "Hillsborough",
                "Menlo Park",
                "Millbrae",
                "Pacifica",
                "Redwood City",
                "San Bruno",
                "San Carlos",
                "San Mateo",
                "South San Francisco",
                "Woodside"
            ],
            "Timezone": {
                "Name": "Pacific",
                "Zone": "US/Pacific",
                "UTC_Offset": "-08:00"
            }
        },
        {
            "County Name": "Santa Barbara County",
            "Cities": [
                "Buellton",
                "Carpinteria",
                "Goleta",
                "Guadalupe",
                "Lompoc",
                "Santa Barbara",
                "Santa Maria",
                "Solvang"
            ],
            "Timezone": {
                "Name": "Pacific",
                "Zone": "US/Pacific",
                "UTC_Offset": "-08:00"
            }
        },
        {
            "County Name": "Santa Clara County",
            "Cities": [
                "Campbell",
                "Cupertino",
                "Gilroy",
                "Los Altos",
                "Los Altos Hills",
                "Los Gatos",
                "Milpitas",
                "Monte Sereno",
                "Morgan Hill",
                "Mountain View",
                "Palo Alto",
                "San Jose",
                "Santa Clara",
                "Saratoga",
                "Sunnyvale"
            ],
            "Timezone": {
                "Name": "Pacific",
                "Zone": "US/Pacific",
                "UTC_Offset": "-08:00"
            }
        },
        {
            "County Name": "Santa Cruz County",
            "Cities": [
                "Capitola",
                "Santa Cruz",
                "Scotts Valley",
                "Watsonville"
            ],
            "Timezone": {
                "Name": "Pacific",
                "Zone": "US/Pacific",
                "UTC_Offset": "-08:00"
            }
        },
        {
            "County Name": "Shasta County",
            "Cities": [
                "Anderson",
                "Redding",
                "Shasta Lake"
            ],
            "Timezone": {
                "Name": "Pacific",
                "Zone": "US/Pacific",
                "UTC_Offset": "-08:00"
            }
        },
        {
            "County Name": "Sierra County",
            "Cities": [
                "Loyalton"
            ],
            "Timezone": {
                "Name": "Pacific",
                "Zone": "US/Pacific",
                "UTC_Offset": "-08:00"
            }
        },
        {
            "County Name": "Siskiyou County",
            "Cities": [
                "Dorris",
                "Dunsmuir",
                "Etna",
                "Fort Jones",
                "Mount Shasta",
                "Tulelake",
                "Weed",
                "Yreka"
            ],
            "Timezone": {
                "Name": "Pacific",
                "Zone": "US/Pacific",
                "UTC_Offset": "-08:00"
            }
        },
        {
            "County Name": "Solano County",
            "Cities": [
                "Benicia",
                "Dixon",
                "Fairfield",
                "Rio Vista",
                "Suisun City",
                "Vacaville",
                "Vallejo"
            ],
            "Timezone": {
                "Name": "Pacific",
                "Zone": "US/Pacific",
                "UTC_Offset": "-08:00"
            }
        },
        {
            "County Name": "Sonoma County",
            "Cities": [
                "Cloverdale",
                "Cotati",
                "Healdsburg",
                "Petaluma",
                "Rohnert Park",
                "Santa Rosa",
                "Sebastopol",
                "Sonoma",
                "Windsor"
            ],
            "Timezone": {
                "Name": "Pacific",
                "Zone": "US/Pacific",
                "UTC_Offset": "-08:00"
            }
        },
        {
            "County Name": "Stanislaus County",
            "Cities": [
                "Ceres",
                "Hughson",
                "Modesto",
                "Newman",
                "Oakdale",
                "Patterson",
                "Riverbank",
                "Turlock",
                "Waterford"
            ],
            "Timezone": {
                "Name": "Pacific",
                "Zone": "US/Pacific",
                "UTC_Offset": "-08:00"
            }
        },
        {
            "County Name": "Sutter County",
            "Cities": [
                "Live Oak",
                "Yuba City"
            ],
            "Timezone": {
                "Name": "Pacific",
                "Zone": "US/Pacific",
                "UTC_Offset": "-08:00"
            }
        },
        {
            "County Name": "Tehama County",
            "Cities": [
                "Corning",
                "Red Bluff",
                "Tehama"
            ],
            "Timezone": {
                "Name": "Pacific",
                "Zone": "US/Pacific",
                "UTC_Offset": "-08:00"
            }
        },
        {
            "County Name": "Trinity County",
            "Cities": [
                "Weaverville"
            ],
            "Timezone": {
                "Name": "Pacific",
                "Zone": "US/Pacific",
                "UTC_Offset": "-08:00"
            }
        },
        {
            "County Name": "Tulare County",
            "Cities": [
                "Dinuba",
                "Exeter",
                "Farmersville",
                "Lindsay",
                "Porterville",
                "Tulare",
                "Visalia",
                "Woodlake"
            ],
            "Timezone": {
                "Name": "Pacific",
                "Zone": "US/Pacific",
                "UTC_Offset": "-08:00"
            }
        },
        {
            "County Name": "Tuolumne County",
            "Cities": [
                "Sonora"
            ],
            "Timezone": {
                "Name": "Pacific",
                "Zone": "US/Pacific",
                "UTC_Offset": "-08:00"
            }
        },
        {
            "County Name": "Ventura County",
            "Cities": [
                "Camarillo",
                "Fillmore",
                "Moorpark",
                "Ojai",
                "Oxnard",
                "Port Hueneme",
                "San Buenaventura",
                "Santa Paula",
                "Simi Valley",
                "Thousand Oaks"
            ],
            "Timezone": {
                "Name": "Pacific",
                "Zone": "US/Pacific",
                "UTC_Offset": "-08:00"
            }
        },
        {
            "County Name": "Yolo County",
            "Cities": [
                "Davis",
                "West Sacramento",
                "Winters",
                "Woodland"
            ],
            "Timezone": {
                "Name": "Pacific",
                "Zone": "US/Pacific",
                "UTC_Offset": "-08:00"
            }
        },
        {
            "County Name": "Yuba County",
            "Cities": [
                "Marysville",
                "Wheatland"
            ],
            "Timezone": {
                "Name": "Pacific",
                "Zone": "US/Pacific",
                "UTC_Offset": "-08:00"
            }
        }
    ],
    "website": "https://www.mydripnurse.com",
    "ownerName": "Keishla",
    "ownerLastName": "Caraballo",
    "phone": "9392749203",
    "email": "keyla03@live.com",
    "twilio": {
        "sid": "secret",
        "authToken": "secret"
    },
    "mailgun": {
        "apiKey": "secret",
        "domain": "secret"
    },
    "customValues": {
        "businessInformation": {
            "favicon": "https://storage.googleapis.com/msgsndr/vMfl1L5xb2wJfNFNW5fb/media/656c2a9fe33f7c575831e093.png",
            "businessPhone": ""
        },
        "ivTherapyPrice": {
            "myersCocktailPrice": "299",
            "alleviatePrice": "219",
            "brainStormPrice": "199",
            "getLeanPrice": "179",
            "immunityDefensePrice": "279",
            "immunityDefenseAndGlutathionePrice": "299",
            "hangoverPrice": "219",
            "hydratePrice": "219",
            "nadPrice": "599",
            "nadBoostPrice": "797",
            "recoveryPerformancePrice": "219",
            "theGlowPrice": "199"
        },
        "vitaminPrice": {
            "vitaminD3": "100",
            "bComplex": "70",
            "biotin": "75",
            "vitaminC": "70",
            "aminoBlend": "80",
            "glutathione": "90",
            "lipoMino": "120",
            "triImmuneBoost": "120",
            "vitaminB12": "70",
            "ondansetron": "70"
        },
        "facebook": {
            "accessToken": "secret",
            "facebookPixel": "secret",
            "instagramUrl": "https://www.instagram.com/mydripnurse/",
            "facebookUrl": "https://www.facebook.com/MyDripNurse"
        }
    },
    "businessInformation": {
        "snapshotId": "secret",
        "companyId": "secret"
    }
}