{
    "Counties": [
        {
            "County Name": "Adams County",
            "Cities": [
                "Aurora",
                "Brighton",
                "Commerce City",
                "Federal Heights",
                "Northglenn",
                "Thornton",
                "Westminster"
            ],
            "Timezone": {
                "Name": "Mountain",
                "Zone": "US/Mountain",
                "UTC_Offset": "-07:00"
            }
        },
        {
            "County Name": "Alamosa County",
            "Cities": [
                "Alamosa"
            ],
            "Timezone": {
                "Name": "Mountain",
                "Zone": "US/Mountain",
                "UTC_Offset": "-07:00"
            }
        },
        {
            "County Name": "Arapahoe County",
            "Cities": [
                "Aurora",
                "Centennial",
                "Cherry Hills Village",
                "Columbine Valley",
                "Englewood",
                "Glendale",
                "Greenwood Village",
                "Littleton"
            ],
            "Timezone": {
                "Name": "Mountain",
                "Zone": "US/Mountain",
                "UTC_Offset": "-07:00"
            }
        },
        {
            "County Name": "Archuleta County",
            "Cities": [
                "Pagosa Springs"
            ],
            "Timezone": {
                "Name": "Mountain",
                "Zone": "US/Mountain",
                "UTC_Offset": "-07:00"
            }
        },
        {
            "County Name": "Baca County",
            "Cities": [
                "Springfield",
                "Walsh"
            ],
            "Timezone": {
                "Name": "Mountain",
                "Zone": "US/Mountain",
                "UTC_Offset": "-07:00"
            }
        },
        {
            "County Name": "Bent County",
            "Cities": [
                "Las Animas"
            ],
            "Timezone": {
                "Name": "Mountain",
                "Zone": "US/Mountain",
                "UTC_Offset": "-07:00"
            }
        },
        {
            "County Name": "Boulder County",
            "Cities": [
                "Boulder",
                "Erie",
                "Jamestown",
                "Lafayette",
                "Longmont",
                "Louisville",
                "Lyons",
                "Nederland",
                "Superior"
            ],
            "Timezone": {
                "Name": "Mountain",
                "Zone": "US/Mountain",
                "UTC_Offset": "-07:00"
            }
        },
        {
            "County Name": "Broomfield County",
            "Cities": [
                "Broomfield"
            ],
            "Timezone": {
                "Name": "Mountain",
                "Zone": "US/Mountain",
                "UTC_Offset": "-07:00"
            }
        },
        {
            "County Name": "Chaffee County",
            "Cities": [
                "Buena Vista",
                "Salida"
            ],
            "Timezone": {
                "Name": "Mountain",
                "Zone": "US/Mountain",
                "UTC_Offset": "-07:00"
            }
        },
        {
            "County Name": "Cheyenne County",
            "Cities": [
                "Cheyenne Wells"
            ],
            "Timezone": {
                "Name": "Mountain",
                "Zone": "US/Mountain",
                "UTC_Offset": "-07:00"
            }
        },
        {
            "County Name": "Clear Creek County",
            "Cities": [
                "Empire",
                "Georgetown",
                "Idaho Springs",
                "Silver Plume"
            ],
            "Timezone": {
                "Name": "Mountain",
                "Zone": "US/Mountain",
                "UTC_Offset": "-07:00"
            }
        },
        {
            "County Name": "Conejos County",
            "Cities": [
                "Antonito",
                "La Jara",
                "Manassa",
                "Romeo"
            ],
            "Timezone": {
                "Name": "Mountain",
                "Zone": "US/Mountain",
                "UTC_Offset": "-07:00"
            }
        },
        {
            "County Name": "Costilla County",
            "Cities": [
                "San Luis"
            ],
            "Timezone": {
                "Name": "Mountain",
                "Zone": "US/Mountain",
                "UTC_Offset": "-07:00"
            }
        },
        {
            "County Name": "Crowley County",
            "Cities": [
                "Ordway"
            ],
            "Timezone": {
                "Name": "Mountain",
                "Zone": "US/Mountain",
                "UTC_Offset": "-07:00"
            }
        },
        {
            "County Name": "Custer County",
            "Cities": [
                "Westcliffe",
                "Silver Cliff"
            ],
            "Timezone": {
                "Name": "Mountain",
                "Zone": "US/Mountain",
                "UTC_Offset": "-07:00"
            }
        },
        {
            "County Name": "Delta County",
            "Cities": [
                "Cedaredge",
                "Crawford",
                "Delta",
                "Hotchkiss",
                "Paonia"
            ],
            "Timezone": {
                "Name": "Mountain",
                "Zone": "US/Mountain",
                "UTC_Offset": "-07:00"
            }
        },
        {
            "County Name": "Denver County",
            "Cities": [
                "Denver"
            ],
            "Timezone": {
                "Name": "Mountain",
                "Zone": "US/Mountain",
                "UTC_Offset": "-07:00"
            }
        },
        {
            "County Name": "Dolores County",
            "Cities": [
                "Dove Creek"
            ],
            "Timezone": {
                "Name": "Mountain",
                "Zone": "US/Mountain",
                "UTC_Offset": "-07:00"
            }
        },
        {
            "County Name": "Douglas County",
            "Cities": [
                "Castle Pines",
                "Castle Rock",
                "Lone Tree",
                "Parker"
            ],
            "Timezone": {
                "Name": "Mountain",
                "Zone": "US/Mountain",
                "UTC_Offset": "-07:00"
            }
        },
        {
            "County Name": "Eagle County",
            "Cities": [
                "Avon",
                "Eagle",
                "Gypsum",
                "Minturn",
                "Red Cliff",
                "Vail"
            ],
            "Timezone": {
                "Name": "Mountain",
                "Zone": "US/Mountain",
                "UTC_Offset": "-07:00"
            }
        },
        {
            "County Name": "El Paso County",
            "Cities": [
                "Colorado Springs",
                "Fountain",
                "Green Mountain Falls",
                "Manitou Springs",
                "Monument",
                "Palmer Lake"
            ],
            "Timezone": {
                "Name": "Mountain",
                "Zone": "US/Mountain",
                "UTC_Offset": "-07:00"
            }
        },
        {
            "County Name": "Elbert County",
            "Cities": [
                "Elizabeth",
                "Kiowa"
            ],
            "Timezone": {
                "Name": "Mountain",
                "Zone": "US/Mountain",
                "UTC_Offset": "-07:00"
            }
        },
        {
            "County Name": "Fremont County",
            "Cities": [
                "Ca\u00f1on City",
                "Florence"
            ],
            "Timezone": {
                "Name": "Mountain",
                "Zone": "US/Mountain",
                "UTC_Offset": "-07:00"
            }
        },
        {
            "County Name": "Garfield County",
            "Cities": [
                "Carbondale",
                "Glenwood Springs",
                "New Castle",
                "Parachute",
                "Rifle",
                "Silt"
            ],
            "Timezone": {
                "Name": "Mountain",
                "Zone": "US/Mountain",
                "UTC_Offset": "-07:00"
            }
        },
        {
            "County Name": "Gilpin County",
            "Cities": [
                "Black Hawk",
                "Central City"
            ],
            "Timezone": {
                "Name": "Mountain",
                "Zone": "US/Mountain",
                "UTC_Offset": "-07:00"
            }
        },
        {
            "County Name": "Grand County",
            "Cities": [
                "Granby",
                "Grand Lake",
                "Hot Sulphur Springs",
                "Kremmling",
                "Winter Park"
            ],
            "Timezone": {
                "Name": "Mountain",
                "Zone": "US/Mountain",
                "UTC_Offset": "-07:00"
            }
        },
        {
            "County Name": "Gunnison County",
            "Cities": [
                "Crested Butte",
                "Gunnison",
                "Mount Crested Butte"
            ],
            "Timezone": {
                "Name": "Mountain",
                "Zone": "US/Mountain",
                "UTC_Offset": "-07:00"
            }
        },
        {
            "County Name": "Hinsdale County",
            "Cities": [
                "Lake City"
            ],
            "Timezone": {
                "Name": "Mountain",
                "Zone": "US/Mountain",
                "UTC_Offset": "-07:00"
            }
        },
        {
            "County Name": "Huerfano County",
            "Cities": [
                "La Veta",
                "Walsenburg"
            ],
            "Timezone": {
                "Name": "Mountain",
                "Zone": "US/Mountain",
                "UTC_Offset": "-07:00"
            }
        },
        {
            "County Name": "Jackson County",
            "Cities": [
                "Walden"
            ],
            "Timezone": {
                "Name": "Mountain",
                "Zone": "US/Mountain",
                "UTC_Offset": "-07:00"
            }
        },
        {
            "County Name": "Jefferson County",
            "Cities": [
                "Arvada",
                "Edgewater",
                "Golden",
                "Lakewood",
                "Littleton",
                "Morrison",
                "Wheat Ridge"
            ],
            "Timezone": {
                "Name": "Mountain",
                "Zone": "US/Mountain",
                "UTC_Offset": "-07:00"
            }
        },
        {
            "County Name": "Kiowa County",
            "Cities": [
                "Eads"
            ],
            "Timezone": {
                "Name": "Mountain",
                "Zone": "US/Mountain",
                "UTC_Offset": "-07:00"
            }
        },
        {
            "County Name": "Kit Carson County",
            "Cities": [
                "Burlington",
                "Stratton",
                "Vona"
            ],
            "Timezone": {
                "Name": "Mountain",
                "Zone": "US/Mountain",
                "UTC_Offset": "-07:00"
            }
        },
        {
            "County Name": "La Plata County",
            "Cities": [
                "Durango"
            ],
            "Timezone": {
                "Name": "Mountain",
                "Zone": "US/Mountain",
                "UTC_Offset": "-07:00"
            }
        },
        {
            "County Name": "Lake County",
            "Cities": [
                "Leadville"
            ],
            "Timezone": {
                "Name": "Mountain",
                "Zone": "US/Mountain",
                "UTC_Offset": "-07:00"
            }
        },
        {
            "County Name": "Larimer County",
            "Cities": [
                "Berthoud",
                "Estes Park",
                "Fort Collins",
                "Johnstown",
                "Loveland",
                "Timnath",
                "Wellington"
            ],
            "Timezone": {
                "Name": "Mountain",
                "Zone": "US/Mountain",
                "UTC_Offset": "-07:00"
            }
        },
        {
            "County Name": "Las Animas County",
            "Cities": [
                "Aguilar",
                "Kim",
                "Trinidad"
            ],
            "Timezone": {
                "Name": "Mountain",
                "Zone": "US/Mountain",
                "UTC_Offset": "-07:00"
            }
        },
        {
            "County Name": "Lincoln County",
            "Cities": [
                "Hugo",
                "Limon"
            ],
            "Timezone": {
                "Name": "Mountain",
                "Zone": "US/Mountain",
                "UTC_Offset": "-07:00"
            }
        },
        {
            "County Name": "Logan County",
            "Cities": [
                "Crook",
                "Fleming",
                "Iliff",
                "Merino",
                "Peetz",
                "Sterling"
            ],
            "Timezone": {
                "Name": "Mountain",
                "Zone": "US/Mountain",
                "UTC_Offset": "-07:00"
            }
        },
        {
            "County Name": "Mesa County",
            "Cities": [
                "Collbran",
                "De Beque",
                "Fruita",
                "Grand Junction",
                "Palisade"
            ],
            "Timezone": {
                "Name": "Mountain",
                "Zone": "US/Mountain",
                "UTC_Offset": "-07:00"
            }
        },
        {
            "County Name": "Mineral County",
            "Cities": [
                "Creede"
            ],
            "Timezone": {
                "Name": "Mountain",
                "Zone": "US/Mountain",
                "UTC_Offset": "-07:00"
            }
        },
        {
            "County Name": "Moffat County",
            "Cities": [
                "Craig",
                "Dinosaur"
            ],
            "Timezone": {
                "Name": "Mountain",
                "Zone": "US/Mountain",
                "UTC_Offset": "-07:00"
            }
        },
        {
            "County Name": "Montezuma County",
            "Cities": [
                "Cortez",
                "Dolores",
                "Mancos"
            ],
            "Timezone": {
                "Name": "Mountain",
                "Zone": "US/Mountain",
                "UTC_Offset": "-07:00"
            }
        },
        {
            "County Name": "Montrose County",
            "Cities": [
                "Montrose",
                "Naturita",
                "Nucla",
                "Olathe"
            ],
            "Timezone": {
                "Name": "Mountain",
                "Zone": "US/Mountain",
                "UTC_Offset": "-07:00"
            }
        },
        {
            "County Name": "Morgan County",
            "Cities": [
                "Brush",
                "Fort Morgan",
                "Hillrose",
                "Log Lane Village",
                "Wiggins"
            ],
            "Timezone": {
                "Name": "Mountain",
                "Zone": "US/Mountain",
                "UTC_Offset": "-07:00"
            }
        },
        {
            "County Name": "Otero County",
            "Cities": [
                "Fowler",
                "La Junta",
                "Manzanola",
                "Rocky Ford",
                "Swink"
            ],
            "Timezone": {
                "Name": "Mountain",
                "Zone": "US/Mountain",
                "UTC_Offset": "-07:00"
            }
        },
        {
            "County Name": "Ouray County",
            "Cities": [
                "Ouray",
                "Ridgway"
            ],
            "Timezone": {
                "Name": "Mountain",
                "Zone": "US/Mountain",
                "UTC_Offset": "-07:00"
            }
        },
        {
            "County Name": "Park County",
            "Cities": [
                "Fairplay"
            ],
            "Timezone": {
                "Name": "Mountain",
                "Zone": "US/Mountain",
                "UTC_Offset": "-07:00"
            }
        },
        {
            "County Name": "Phillips County",
            "Cities": [
                "Holyoke",
                "Haxtun"
            ],
            "Timezone": {
                "Name": "Mountain",
                "Zone": "US/Mountain",
                "UTC_Offset": "-07:00"
            }
        },
        {
            "County Name": "Pitkin County",
            "Cities": [
                "Aspen",
                "Snowmass Village"
            ],
            "Timezone": {
                "Name": "Mountain",
                "Zone": "US/Mountain",
                "UTC_Offset": "-07:00"
            }
        },
        {
            "County Name": "Prowers County",
            "Cities": [
                "Granada",
                "Holly",
                "Lamar"
            ],
            "Timezone": {
                "Name": "Mountain",
                "Zone": "US/Mountain",
                "UTC_Offset": "-07:00"
            }
        },
        {
            "County Name": "Pueblo County",
            "Cities": [
                "Pueblo"
            ],
            "Timezone": {
                "Name": "Mountain",
                "Zone": "US/Mountain",
                "UTC_Offset": "-07:00"
            }
        },
        {
            "County Name": "Rio Blanco County",
            "Cities": [
                "Meeker",
                "Rangely"
            ],
            "Timezone": {
                "Name": "Mountain",
                "Zone": "US/Mountain",
                "UTC_Offset": "-07:00"
            }
        },
        {
            "County Name": "Rio Grande County",
            "Cities": [
                "Center",
                "Del Norte",
                "Monte Vista"
            ],
            "Timezone": {
                "Name": "Mountain",
                "Zone": "US/Mountain",
                "UTC_Offset": "-07:00"
            }
        },
        {
            "County Name": "Routt County",
            "Cities": [
                "Hayden",
                "Oak Creek",
                "Steamboat Springs",
                "Yampa"
            ],
            "Timezone": {
                "Name": "Mountain",
                "Zone": "US/Mountain",
                "UTC_Offset": "-07:00"
            }
        },
        {
            "County Name": "Saguache County",
            "Cities": [
                "Center",
                "Saguache"
            ],
            "Timezone": {
                "Name": "Mountain",
                "Zone": "US/Mountain",
                "UTC_Offset": "-07:00"
            }
        },
        {
            "County Name": "San Juan County",
            "Cities": [
                "Silverton"
            ],
            "Timezone": {
                "Name": "Mountain",
                "Zone": "US/Mountain",
                "UTC_Offset": "-07:00"
            }
        },
        {
            "County Name": "San Miguel County",
            "Cities": [
                "Mountain Village",
                "Norwood",
                "Telluride"
            ],
            "Timezone": {
                "Name": "Mountain",
                "Zone": "US/Mountain",
                "UTC_Offset": "-07:00"
            }
        },
        {
            "County Name": "Sedgwick County",
            "Cities": [
                "Julesburg",
                "Ovid"
            ],
            "Timezone": {
                "Name": "Mountain",
                "Zone": "US/Mountain",
                "UTC_Offset": "-07:00"
            }
        },
        {
            "County Name": "Summit County",
            "Cities": [
                "Blue River",
                "Breckenridge",
                "Dillon",
                "Frisco",
                "Silverthorne"
            ],
            "Timezone": {
                "Name": "Mountain",
                "Zone": "US/Mountain",
                "UTC_Offset": "-07:00"
            }
        },
        {
            "County Name": "Teller County",
            "Cities": [
                "Cripple Creek",
                "Victor"
            ],
            "Timezone": {
                "Name": "Mountain",
                "Zone": "US/Mountain",
                "UTC_Offset": "-07:00"
            }
        },
        {
            "County Name": "Washington County",
            "Cities": [
                "Akron",
                "Otis"
            ],
            "Timezone": {
                "Name": "Mountain",
                "Zone": "US/Mountain",
                "UTC_Offset": "-07:00"
            }
        },
        {
            "County Name": "Weld County",
            "Cities": [
                "Brighton",
                "Dacono",
                "Eaton",
                "Erie",
                "Evans",
                "Firestone",
                "Fort Lupton",
                "Frederick",
                "Garden City",
                "Greeley",
                "Hudson",
                "Johnstown",
                "Keenesburg",
                "La Salle",
                "Lochbuie",
                "Milliken",
                "Nunn",
                "Platteville",
                "Severance",
                "Windsor"
            ],
            "Timezone": {
                "Name": "Mountain",
                "Zone": "US/Mountain",
                "UTC_Offset": "-07:00"
            }
        },
        {
            "County Name": "Yuma County",
            "Cities": [
                "Eckley",
                "Wray",
                "Yuma"
            ],
            "Timezone": {
                "Name": "Mountain",
                "Zone": "US/Mountain",
                "UTC_Offset": "-07:00"
            }
        }
    ],
    "website": "https://www.mydripnurse.com",
    "ownerName": "Keishla",
    "ownerLastName": "Caraballo",
    "phone": "9392749203",
    "email": "keyla03@live.com",
    "twilio": {
        "sid": "secret",
        "authToken": "secret"
    },
    "mailgun": {
        "apiKey": "secret",
        "domain": "secret"
    },
    "customValues": {
        "businessInformation": {
            "favicon": "https://storage.googleapis.com/msgsndr/vMfl1L5xb2wJfNFNW5fb/media/656c2a9fe33f7c575831e093.png",
            "businessPhone": ""
        },
        "ivTherapyPrice": {
            "myersCocktailPrice": "299",
            "alleviatePrice": "219",
            "brainStormPrice": "199",
            "getLeanPrice": "179",
            "immunityDefensePrice": "279",
            "immunityDefenseAndGlutathionePrice": "299",
            "hangoverPrice": "219",
            "hydratePrice": "219",
            "nadPrice": "599",
            "nadBoostPrice": "797",
            "recoveryPerformancePrice": "219",
            "theGlowPrice": "199"
        },
        "vitaminPrice": {
            "vitaminD3": "100",
            "bComplex": "70",
            "biotin": "75",
            "vitaminC": "70",
            "aminoBlend": "80",
            "glutathione": "90",
            "lipoMino": "120",
            "triImmuneBoost": "120",
            "vitaminB12": "70",
            "ondansetron": "70"
        },
        "facebook": {
            "accessToken": "secret",
            "facebookPixel": "secret",
            "instagramUrl": "https://www.instagram.com/mydripnurse/",
            "facebookUrl": "https://www.facebook.com/MyDripNurse"
        }
    },
    "businessInformation": {
        "snapshotId": "secret",
        "companyId": "secret"
    }
}