{
    "counties": [
        {
            "countyName": "Beaverhead",
            "cities": [
                {
                    "cityName": "Dillon",
                    "cityDomain": "https://dillon-city-mt.mydripnurse.com",
                    "citySitemap": "https://dillon-city-mt.mydripnurse.com/sitemap.xml"
                },
                {
                    "cityName": "Lima",
                    "cityDomain": "https://lima-city-mt.mydripnurse.com",
                    "citySitemap": "https://lima-city-mt.mydripnurse.com/sitemap.xml"
                },
                {
                    "cityName": "Jackson",
                    "cityDomain": "https://jackson-city-mt.mydripnurse.com",
                    "citySitemap": "https://jackson-city-mt.mydripnurse.com/sitemap.xml"
                }
            ],
            "Timezone": {
                "Name": "Mountain",
                "Zone": "US/Mountain",
                "UTC_Offset": "-07:00"
            },
            "countyDomain": "https://beaverhead-county-mt.mydripnurse.com",
            "countySitemap": "https://beaverhead-county-mt.mydripnurse.com/sitemap.xml",
            "embeddedSitemap": {
                "sitemapindex": [
                    {
                        "loc": "https://beaverhead-county-mt.mydripnurse.com/sitemap.xml",
                        "lastmod": "2026-01-18"
                    },
                    {
                        "loc": "https://dillon-city-mt.mydripnurse.com/sitemap.xml",
                        "lastmod": "2026-01-18"
                    },
                    {
                        "loc": "https://lima-city-mt.mydripnurse.com/sitemap.xml",
                        "lastmod": "2026-01-18"
                    },
                    {
                        "loc": "https://jackson-city-mt.mydripnurse.com/sitemap.xml",
                        "lastmod": "2026-01-18"
                    }
                ]
            }
        },
        {
            "countyName": "Big Horn",
            "cities": [
                {
                    "cityName": "Hardin",
                    "cityDomain": "https://hardin-city-mt.mydripnurse.com",
                    "citySitemap": "https://hardin-city-mt.mydripnurse.com/sitemap.xml"
                },
                {
                    "cityName": "Lodge Grass",
                    "cityDomain": "https://lodge-grass-city-mt.mydripnurse.com",
                    "citySitemap": "https://lodge-grass-city-mt.mydripnurse.com/sitemap.xml"
                },
                {
                    "cityName": "Crow Agency",
                    "cityDomain": "https://crow-agency-city-mt.mydripnurse.com",
                    "citySitemap": "https://crow-agency-city-mt.mydripnurse.com/sitemap.xml"
                }
            ],
            "Timezone": {
                "Name": "Mountain",
                "Zone": "US/Mountain",
                "UTC_Offset": "-07:00"
            },
            "countyDomain": "https://big-horn-county-mt.mydripnurse.com",
            "countySitemap": "https://big-horn-county-mt.mydripnurse.com/sitemap.xml",
            "embeddedSitemap": {
                "sitemapindex": [
                    {
                        "loc": "https://big-horn-county-mt.mydripnurse.com/sitemap.xml",
                        "lastmod": "2026-01-18"
                    },
                    {
                        "loc": "https://hardin-city-mt.mydripnurse.com/sitemap.xml",
                        "lastmod": "2026-01-18"
                    },
                    {
                        "loc": "https://lodge-grass-city-mt.mydripnurse.com/sitemap.xml",
                        "lastmod": "2026-01-18"
                    },
                    {
                        "loc": "https://crow-agency-city-mt.mydripnurse.com/sitemap.xml",
                        "lastmod": "2026-01-18"
                    }
                ]
            }
        },
        {
            "countyName": "Blaine",
            "cities": [
                {
                    "cityName": "Chinook",
                    "cityDomain": "https://chinook-city-mt.mydripnurse.com",
                    "citySitemap": "https://chinook-city-mt.mydripnurse.com/sitemap.xml"
                },
                {
                    "cityName": "Harlem",
                    "cityDomain": "https://harlem-city-mt.mydripnurse.com",
                    "citySitemap": "https://harlem-city-mt.mydripnurse.com/sitemap.xml"
                },
                {
                    "cityName": "Turner",
                    "cityDomain": "https://turner-city-mt.mydripnurse.com",
                    "citySitemap": "https://turner-city-mt.mydripnurse.com/sitemap.xml"
                }
            ],
            "Timezone": {
                "Name": "Mountain",
                "Zone": "US/Mountain",
                "UTC_Offset": "-07:00"
            },
            "countyDomain": "https://blaine-county-mt.mydripnurse.com",
            "countySitemap": "https://blaine-county-mt.mydripnurse.com/sitemap.xml",
            "embeddedSitemap": {
                "sitemapindex": [
                    {
                        "loc": "https://blaine-county-mt.mydripnurse.com/sitemap.xml",
                        "lastmod": "2026-01-18"
                    },
                    {
                        "loc": "https://chinook-city-mt.mydripnurse.com/sitemap.xml",
                        "lastmod": "2026-01-18"
                    },
                    {
                        "loc": "https://harlem-city-mt.mydripnurse.com/sitemap.xml",
                        "lastmod": "2026-01-18"
                    },
                    {
                        "loc": "https://turner-city-mt.mydripnurse.com/sitemap.xml",
                        "lastmod": "2026-01-18"
                    }
                ]
            }
        },
        {
            "countyName": "Broadwater",
            "cities": [
                {
                    "cityName": "Townsend",
                    "cityDomain": "https://townsend-city-mt.mydripnurse.com",
                    "citySitemap": "https://townsend-city-mt.mydripnurse.com/sitemap.xml"
                }
            ],
            "Timezone": {
                "Name": "Mountain",
                "Zone": "US/Mountain",
                "UTC_Offset": "-07:00"
            },
            "countyDomain": "https://broadwater-county-mt.mydripnurse.com",
            "countySitemap": "https://broadwater-county-mt.mydripnurse.com/sitemap.xml",
            "embeddedSitemap": {
                "sitemapindex": [
                    {
                        "loc": "https://broadwater-county-mt.mydripnurse.com/sitemap.xml",
                        "lastmod": "2026-01-18"
                    },
                    {
                        "loc": "https://townsend-city-mt.mydripnurse.com/sitemap.xml",
                        "lastmod": "2026-01-18"
                    }
                ]
            }
        },
        {
            "countyName": "Carbon",
            "cities": [
                {
                    "cityName": "Red Lodge",
                    "cityDomain": "https://red-lodge-city-mt.mydripnurse.com",
                    "citySitemap": "https://red-lodge-city-mt.mydripnurse.com/sitemap.xml"
                },
                {
                    "cityName": "Joliet",
                    "cityDomain": "https://joliet-city-mt.mydripnurse.com",
                    "citySitemap": "https://joliet-city-mt.mydripnurse.com/sitemap.xml"
                },
                {
                    "cityName": "Bridger",
                    "cityDomain": "https://bridger-city-mt.mydripnurse.com",
                    "citySitemap": "https://bridger-city-mt.mydripnurse.com/sitemap.xml"
                }
            ],
            "Timezone": {
                "Name": "Mountain",
                "Zone": "US/Mountain",
                "UTC_Offset": "-07:00"
            },
            "countyDomain": "https://carbon-county-mt.mydripnurse.com",
            "countySitemap": "https://carbon-county-mt.mydripnurse.com/sitemap.xml",
            "embeddedSitemap": {
                "sitemapindex": [
                    {
                        "loc": "https://carbon-county-mt.mydripnurse.com/sitemap.xml",
                        "lastmod": "2026-01-18"
                    },
                    {
                        "loc": "https://red-lodge-city-mt.mydripnurse.com/sitemap.xml",
                        "lastmod": "2026-01-18"
                    },
                    {
                        "loc": "https://joliet-city-mt.mydripnurse.com/sitemap.xml",
                        "lastmod": "2026-01-18"
                    },
                    {
                        "loc": "https://bridger-city-mt.mydripnurse.com/sitemap.xml",
                        "lastmod": "2026-01-18"
                    }
                ]
            }
        },
        {
            "countyName": "Carter",
            "cities": [
                {
                    "cityName": "Ekalaka",
                    "cityDomain": "https://ekalaka-city-mt.mydripnurse.com",
                    "citySitemap": "https://ekalaka-city-mt.mydripnurse.com/sitemap.xml"
                }
            ],
            "Timezone": {
                "Name": "Mountain",
                "Zone": "US/Mountain",
                "UTC_Offset": "-07:00"
            },
            "countyDomain": "https://carter-county-mt.mydripnurse.com",
            "countySitemap": "https://carter-county-mt.mydripnurse.com/sitemap.xml",
            "embeddedSitemap": {
                "sitemapindex": [
                    {
                        "loc": "https://carter-county-mt.mydripnurse.com/sitemap.xml",
                        "lastmod": "2026-01-18"
                    },
                    {
                        "loc": "https://ekalaka-city-mt.mydripnurse.com/sitemap.xml",
                        "lastmod": "2026-01-18"
                    }
                ]
            }
        },
        {
            "countyName": "Cascade",
            "cities": [
                {
                    "cityName": "Great Falls",
                    "cityDomain": "https://great-falls-city-mt.mydripnurse.com",
                    "citySitemap": "https://great-falls-city-mt.mydripnurse.com/sitemap.xml"
                },
                {
                    "cityName": "Black Eagle",
                    "cityDomain": "https://black-eagle-city-mt.mydripnurse.com",
                    "citySitemap": "https://black-eagle-city-mt.mydripnurse.com/sitemap.xml"
                },
                {
                    "cityName": "Sun Prairie",
                    "cityDomain": "https://sun-prairie-city-mt.mydripnurse.com",
                    "citySitemap": "https://sun-prairie-city-mt.mydripnurse.com/sitemap.xml"
                }
            ],
            "Timezone": {
                "Name": "Mountain",
                "Zone": "US/Mountain",
                "UTC_Offset": "-07:00"
            },
            "countyDomain": "https://cascade-county-mt.mydripnurse.com",
            "countySitemap": "https://cascade-county-mt.mydripnurse.com/sitemap.xml",
            "embeddedSitemap": {
                "sitemapindex": [
                    {
                        "loc": "https://cascade-county-mt.mydripnurse.com/sitemap.xml",
                        "lastmod": "2026-01-18"
                    },
                    {
                        "loc": "https://great-falls-city-mt.mydripnurse.com/sitemap.xml",
                        "lastmod": "2026-01-18"
                    },
                    {
                        "loc": "https://black-eagle-city-mt.mydripnurse.com/sitemap.xml",
                        "lastmod": "2026-01-18"
                    },
                    {
                        "loc": "https://sun-prairie-city-mt.mydripnurse.com/sitemap.xml",
                        "lastmod": "2026-01-18"
                    }
                ]
            }
        },
        {
            "countyName": "Chouteau",
            "cities": [
                {
                    "cityName": "Fort Benton",
                    "cityDomain": "https://fort-benton-city-mt.mydripnurse.com",
                    "citySitemap": "https://fort-benton-city-mt.mydripnurse.com/sitemap.xml"
                },
                {
                    "cityName": "Big Sandy",
                    "cityDomain": "https://big-sandy-city-mt.mydripnurse.com",
                    "citySitemap": "https://big-sandy-city-mt.mydripnurse.com/sitemap.xml"
                }
            ],
            "Timezone": {
                "Name": "Mountain",
                "Zone": "US/Mountain",
                "UTC_Offset": "-07:00"
            },
            "countyDomain": "https://chouteau-county-mt.mydripnurse.com",
            "countySitemap": "https://chouteau-county-mt.mydripnurse.com/sitemap.xml",
            "embeddedSitemap": {
                "sitemapindex": [
                    {
                        "loc": "https://chouteau-county-mt.mydripnurse.com/sitemap.xml",
                        "lastmod": "2026-01-18"
                    },
                    {
                        "loc": "https://fort-benton-city-mt.mydripnurse.com/sitemap.xml",
                        "lastmod": "2026-01-18"
                    },
                    {
                        "loc": "https://big-sandy-city-mt.mydripnurse.com/sitemap.xml",
                        "lastmod": "2026-01-18"
                    }
                ]
            }
        },
        {
            "countyName": "Custer",
            "cities": [
                {
                    "cityName": "Miles City",
                    "cityDomain": "https://miles-city-city-mt.mydripnurse.com",
                    "citySitemap": "https://miles-city-city-mt.mydripnurse.com/sitemap.xml"
                }
            ],
            "Timezone": {
                "Name": "Mountain",
                "Zone": "US/Mountain",
                "UTC_Offset": "-07:00"
            },
            "countyDomain": "https://custer-county-mt.mydripnurse.com",
            "countySitemap": "https://custer-county-mt.mydripnurse.com/sitemap.xml",
            "embeddedSitemap": {
                "sitemapindex": [
                    {
                        "loc": "https://custer-county-mt.mydripnurse.com/sitemap.xml",
                        "lastmod": "2026-01-18"
                    },
                    {
                        "loc": "https://miles-city-city-mt.mydripnurse.com/sitemap.xml",
                        "lastmod": "2026-01-18"
                    }
                ]
            }
        },
        {
            "countyName": "Daniels",
            "cities": [
                {
                    "cityName": "Scobey",
                    "cityDomain": "https://scobey-city-mt.mydripnurse.com",
                    "citySitemap": "https://scobey-city-mt.mydripnurse.com/sitemap.xml"
                }
            ],
            "Timezone": {
                "Name": "Mountain",
                "Zone": "US/Mountain",
                "UTC_Offset": "-07:00"
            },
            "countyDomain": "https://daniels-county-mt.mydripnurse.com",
            "countySitemap": "https://daniels-county-mt.mydripnurse.com/sitemap.xml",
            "embeddedSitemap": {
                "sitemapindex": [
                    {
                        "loc": "https://daniels-county-mt.mydripnurse.com/sitemap.xml",
                        "lastmod": "2026-01-18"
                    },
                    {
                        "loc": "https://scobey-city-mt.mydripnurse.com/sitemap.xml",
                        "lastmod": "2026-01-18"
                    }
                ]
            }
        },
        {
            "countyName": "Dawson",
            "cities": [
                {
                    "cityName": "Glendive",
                    "cityDomain": "https://glendive-city-mt.mydripnurse.com",
                    "citySitemap": "https://glendive-city-mt.mydripnurse.com/sitemap.xml"
                }
            ],
            "Timezone": {
                "Name": "Mountain",
                "Zone": "US/Mountain",
                "UTC_Offset": "-07:00"
            },
            "countyDomain": "https://dawson-county-mt.mydripnurse.com",
            "countySitemap": "https://dawson-county-mt.mydripnurse.com/sitemap.xml",
            "embeddedSitemap": {
                "sitemapindex": [
                    {
                        "loc": "https://dawson-county-mt.mydripnurse.com/sitemap.xml",
                        "lastmod": "2026-01-18"
                    },
                    {
                        "loc": "https://glendive-city-mt.mydripnurse.com/sitemap.xml",
                        "lastmod": "2026-01-18"
                    }
                ]
            }
        },
        {
            "countyName": "Deer Lodge",
            "cities": [
                {
                    "cityName": "Anaconda",
                    "cityDomain": "https://anaconda-city-mt.mydripnurse.com",
                    "citySitemap": "https://anaconda-city-mt.mydripnurse.com/sitemap.xml"
                }
            ],
            "Timezone": {
                "Name": "Mountain",
                "Zone": "US/Mountain",
                "UTC_Offset": "-07:00"
            },
            "countyDomain": "https://deer-lodge-county-mt.mydripnurse.com",
            "countySitemap": "https://deer-lodge-county-mt.mydripnurse.com/sitemap.xml",
            "embeddedSitemap": {
                "sitemapindex": [
                    {
                        "loc": "https://deer-lodge-county-mt.mydripnurse.com/sitemap.xml",
                        "lastmod": "2026-01-18"
                    },
                    {
                        "loc": "https://anaconda-city-mt.mydripnurse.com/sitemap.xml",
                        "lastmod": "2026-01-18"
                    }
                ]
            }
        },
        {
            "countyName": "Fallon",
            "cities": [
                {
                    "cityName": "Baker",
                    "cityDomain": "https://baker-city-mt.mydripnurse.com",
                    "citySitemap": "https://baker-city-mt.mydripnurse.com/sitemap.xml"
                }
            ],
            "Timezone": {
                "Name": "Mountain",
                "Zone": "US/Mountain",
                "UTC_Offset": "-07:00"
            },
            "countyDomain": "https://fallon-county-mt.mydripnurse.com",
            "countySitemap": "https://fallon-county-mt.mydripnurse.com/sitemap.xml",
            "embeddedSitemap": {
                "sitemapindex": [
                    {
                        "loc": "https://fallon-county-mt.mydripnurse.com/sitemap.xml",
                        "lastmod": "2026-01-18"
                    },
                    {
                        "loc": "https://baker-city-mt.mydripnurse.com/sitemap.xml",
                        "lastmod": "2026-01-18"
                    }
                ]
            }
        },
        {
            "countyName": "Fergus",
            "cities": [
                {
                    "cityName": "Lewistown",
                    "cityDomain": "https://lewistown-city-mt.mydripnurse.com",
                    "citySitemap": "https://lewistown-city-mt.mydripnurse.com/sitemap.xml"
                }
            ],
            "Timezone": {
                "Name": "Mountain",
                "Zone": "US/Mountain",
                "UTC_Offset": "-07:00"
            },
            "countyDomain": "https://fergus-county-mt.mydripnurse.com",
            "countySitemap": "https://fergus-county-mt.mydripnurse.com/sitemap.xml",
            "embeddedSitemap": {
                "sitemapindex": [
                    {
                        "loc": "https://fergus-county-mt.mydripnurse.com/sitemap.xml",
                        "lastmod": "2026-01-18"
                    },
                    {
                        "loc": "https://lewistown-city-mt.mydripnurse.com/sitemap.xml",
                        "lastmod": "2026-01-18"
                    }
                ]
            }
        },
        {
            "countyName": "Flathead",
            "cities": [
                {
                    "cityName": "Kalispell",
                    "cityDomain": "https://kalispell-city-mt.mydripnurse.com",
                    "citySitemap": "https://kalispell-city-mt.mydripnurse.com/sitemap.xml"
                },
                {
                    "cityName": "Whitefish",
                    "cityDomain": "https://whitefish-city-mt.mydripnurse.com",
                    "citySitemap": "https://whitefish-city-mt.mydripnurse.com/sitemap.xml"
                },
                {
                    "cityName": "Columbia Falls",
                    "cityDomain": "https://columbia-falls-city-mt.mydripnurse.com",
                    "citySitemap": "https://columbia-falls-city-mt.mydripnurse.com/sitemap.xml"
                }
            ],
            "Timezone": {
                "Name": "Mountain",
                "Zone": "US/Mountain",
                "UTC_Offset": "-07:00"
            },
            "countyDomain": "https://flathead-county-mt.mydripnurse.com",
            "countySitemap": "https://flathead-county-mt.mydripnurse.com/sitemap.xml",
            "embeddedSitemap": {
                "sitemapindex": [
                    {
                        "loc": "https://flathead-county-mt.mydripnurse.com/sitemap.xml",
                        "lastmod": "2026-01-18"
                    },
                    {
                        "loc": "https://kalispell-city-mt.mydripnurse.com/sitemap.xml",
                        "lastmod": "2026-01-18"
                    },
                    {
                        "loc": "https://whitefish-city-mt.mydripnurse.com/sitemap.xml",
                        "lastmod": "2026-01-18"
                    },
                    {
                        "loc": "https://columbia-falls-city-mt.mydripnurse.com/sitemap.xml",
                        "lastmod": "2026-01-18"
                    }
                ]
            }
        },
        {
            "countyName": "Gallatin",
            "cities": [
                {
                    "cityName": "Bozeman",
                    "cityDomain": "https://bozeman-city-mt.mydripnurse.com",
                    "citySitemap": "https://bozeman-city-mt.mydripnurse.com/sitemap.xml"
                },
                {
                    "cityName": "Belgrade",
                    "cityDomain": "https://belgrade-city-mt.mydripnurse.com",
                    "citySitemap": "https://belgrade-city-mt.mydripnurse.com/sitemap.xml"
                },
                {
                    "cityName": "Manhattan",
                    "cityDomain": "https://manhattan-city-mt.mydripnurse.com",
                    "citySitemap": "https://manhattan-city-mt.mydripnurse.com/sitemap.xml"
                }
            ],
            "Timezone": {
                "Name": "Mountain",
                "Zone": "US/Mountain",
                "UTC_Offset": "-07:00"
            },
            "countyDomain": "https://gallatin-county-mt.mydripnurse.com",
            "countySitemap": "https://gallatin-county-mt.mydripnurse.com/sitemap.xml",
            "embeddedSitemap": {
                "sitemapindex": [
                    {
                        "loc": "https://gallatin-county-mt.mydripnurse.com/sitemap.xml",
                        "lastmod": "2026-01-18"
                    },
                    {
                        "loc": "https://bozeman-city-mt.mydripnurse.com/sitemap.xml",
                        "lastmod": "2026-01-18"
                    },
                    {
                        "loc": "https://belgrade-city-mt.mydripnurse.com/sitemap.xml",
                        "lastmod": "2026-01-18"
                    },
                    {
                        "loc": "https://manhattan-city-mt.mydripnurse.com/sitemap.xml",
                        "lastmod": "2026-01-18"
                    }
                ]
            }
        },
        {
            "countyName": "Garfield",
            "cities": [
                {
                    "cityName": "Jordan",
                    "cityDomain": "https://jordan-city-mt.mydripnurse.com",
                    "citySitemap": "https://jordan-city-mt.mydripnurse.com/sitemap.xml"
                }
            ],
            "Timezone": {
                "Name": "Mountain",
                "Zone": "US/Mountain",
                "UTC_Offset": "-07:00"
            },
            "countyDomain": "https://garfield-county-mt.mydripnurse.com",
            "countySitemap": "https://garfield-county-mt.mydripnurse.com/sitemap.xml",
            "embeddedSitemap": {
                "sitemapindex": [
                    {
                        "loc": "https://garfield-county-mt.mydripnurse.com/sitemap.xml",
                        "lastmod": "2026-01-18"
                    },
                    {
                        "loc": "https://jordan-city-mt.mydripnurse.com/sitemap.xml",
                        "lastmod": "2026-01-18"
                    }
                ]
            }
        },
        {
            "countyName": "Glacier",
            "cities": [
                {
                    "cityName": "Cut Bank",
                    "cityDomain": "https://cut-bank-city-mt.mydripnurse.com",
                    "citySitemap": "https://cut-bank-city-mt.mydripnurse.com/sitemap.xml"
                },
                {
                    "cityName": "Browning",
                    "cityDomain": "https://browning-city-mt.mydripnurse.com",
                    "citySitemap": "https://browning-city-mt.mydripnurse.com/sitemap.xml"
                },
                {
                    "cityName": "East Glacier Park",
                    "cityDomain": "https://east-glacier-park-city-mt.mydripnurse.com",
                    "citySitemap": "https://east-glacier-park-city-mt.mydripnurse.com/sitemap.xml"
                }
            ],
            "Timezone": {
                "Name": "Mountain",
                "Zone": "US/Mountain",
                "UTC_Offset": "-07:00"
            },
            "countyDomain": "https://glacier-county-mt.mydripnurse.com",
            "countySitemap": "https://glacier-county-mt.mydripnurse.com/sitemap.xml",
            "embeddedSitemap": {
                "sitemapindex": [
                    {
                        "loc": "https://glacier-county-mt.mydripnurse.com/sitemap.xml",
                        "lastmod": "2026-01-18"
                    },
                    {
                        "loc": "https://cut-bank-city-mt.mydripnurse.com/sitemap.xml",
                        "lastmod": "2026-01-18"
                    },
                    {
                        "loc": "https://browning-city-mt.mydripnurse.com/sitemap.xml",
                        "lastmod": "2026-01-18"
                    },
                    {
                        "loc": "https://east-glacier-park-city-mt.mydripnurse.com/sitemap.xml",
                        "lastmod": "2026-01-18"
                    }
                ]
            }
        },
        {
            "countyName": "Golden Valley",
            "cities": [
                {
                    "cityName": "Ryegate",
                    "cityDomain": "https://ryegate-city-mt.mydripnurse.com",
                    "citySitemap": "https://ryegate-city-mt.mydripnurse.com/sitemap.xml"
                }
            ],
            "Timezone": {
                "Name": "Mountain",
                "Zone": "US/Mountain",
                "UTC_Offset": "-07:00"
            },
            "countyDomain": "https://golden-valley-county-mt.mydripnurse.com",
            "countySitemap": "https://golden-valley-county-mt.mydripnurse.com/sitemap.xml",
            "embeddedSitemap": {
                "sitemapindex": [
                    {
                        "loc": "https://golden-valley-county-mt.mydripnurse.com/sitemap.xml",
                        "lastmod": "2026-01-18"
                    },
                    {
                        "loc": "https://ryegate-city-mt.mydripnurse.com/sitemap.xml",
                        "lastmod": "2026-01-18"
                    }
                ]
            }
        },
        {
            "countyName": "Granite",
            "cities": [
                {
                    "cityName": "Philipsburg",
                    "cityDomain": "https://philipsburg-city-mt.mydripnurse.com",
                    "citySitemap": "https://philipsburg-city-mt.mydripnurse.com/sitemap.xml"
                },
                {
                    "cityName": "Drummond",
                    "cityDomain": "https://drummond-city-mt.mydripnurse.com",
                    "citySitemap": "https://drummond-city-mt.mydripnurse.com/sitemap.xml"
                }
            ],
            "Timezone": {
                "Name": "Mountain",
                "Zone": "US/Mountain",
                "UTC_Offset": "-07:00"
            },
            "countyDomain": "https://granite-county-mt.mydripnurse.com",
            "countySitemap": "https://granite-county-mt.mydripnurse.com/sitemap.xml",
            "embeddedSitemap": {
                "sitemapindex": [
                    {
                        "loc": "https://granite-county-mt.mydripnurse.com/sitemap.xml",
                        "lastmod": "2026-01-18"
                    },
                    {
                        "loc": "https://philipsburg-city-mt.mydripnurse.com/sitemap.xml",
                        "lastmod": "2026-01-18"
                    },
                    {
                        "loc": "https://drummond-city-mt.mydripnurse.com/sitemap.xml",
                        "lastmod": "2026-01-18"
                    }
                ]
            }
        },
        {
            "countyName": "Hill",
            "cities": [
                {
                    "cityName": "Havre",
                    "cityDomain": "https://havre-city-mt.mydripnurse.com",
                    "citySitemap": "https://havre-city-mt.mydripnurse.com/sitemap.xml"
                },
                {
                    "cityName": "Box Elder",
                    "cityDomain": "https://box-elder-city-mt.mydripnurse.com",
                    "citySitemap": "https://box-elder-city-mt.mydripnurse.com/sitemap.xml"
                }
            ],
            "Timezone": {
                "Name": "Mountain",
                "Zone": "US/Mountain",
                "UTC_Offset": "-07:00"
            },
            "countyDomain": "https://hill-county-mt.mydripnurse.com",
            "countySitemap": "https://hill-county-mt.mydripnurse.com/sitemap.xml",
            "embeddedSitemap": {
                "sitemapindex": [
                    {
                        "loc": "https://hill-county-mt.mydripnurse.com/sitemap.xml",
                        "lastmod": "2026-01-18"
                    },
                    {
                        "loc": "https://havre-city-mt.mydripnurse.com/sitemap.xml",
                        "lastmod": "2026-01-18"
                    },
                    {
                        "loc": "https://box-elder-city-mt.mydripnurse.com/sitemap.xml",
                        "lastmod": "2026-01-18"
                    }
                ]
            }
        },
        {
            "countyName": "Jefferson",
            "cities": [
                {
                    "cityName": "Boulder",
                    "cityDomain": "https://boulder-city-mt.mydripnurse.com",
                    "citySitemap": "https://boulder-city-mt.mydripnurse.com/sitemap.xml"
                },
                {
                    "cityName": "Whitehall",
                    "cityDomain": "https://whitehall-city-mt.mydripnurse.com",
                    "citySitemap": "https://whitehall-city-mt.mydripnurse.com/sitemap.xml"
                }
            ],
            "Timezone": {
                "Name": "Mountain",
                "Zone": "US/Mountain",
                "UTC_Offset": "-07:00"
            },
            "countyDomain": "https://jefferson-county-mt.mydripnurse.com",
            "countySitemap": "https://jefferson-county-mt.mydripnurse.com/sitemap.xml",
            "embeddedSitemap": {
                "sitemapindex": [
                    {
                        "loc": "https://jefferson-county-mt.mydripnurse.com/sitemap.xml",
                        "lastmod": "2026-01-18"
                    },
                    {
                        "loc": "https://boulder-city-mt.mydripnurse.com/sitemap.xml",
                        "lastmod": "2026-01-18"
                    },
                    {
                        "loc": "https://whitehall-city-mt.mydripnurse.com/sitemap.xml",
                        "lastmod": "2026-01-18"
                    }
                ]
            }
        },
        {
            "countyName": "Judith Basin",
            "cities": [
                {
                    "cityName": "Stanford",
                    "cityDomain": "https://stanford-city-mt.mydripnurse.com",
                    "citySitemap": "https://stanford-city-mt.mydripnurse.com/sitemap.xml"
                }
            ],
            "Timezone": {
                "Name": "Mountain",
                "Zone": "US/Mountain",
                "UTC_Offset": "-07:00"
            },
            "countyDomain": "https://judith-basin-county-mt.mydripnurse.com",
            "countySitemap": "https://judith-basin-county-mt.mydripnurse.com/sitemap.xml",
            "embeddedSitemap": {
                "sitemapindex": [
                    {
                        "loc": "https://judith-basin-county-mt.mydripnurse.com/sitemap.xml",
                        "lastmod": "2026-01-18"
                    },
                    {
                        "loc": "https://stanford-city-mt.mydripnurse.com/sitemap.xml",
                        "lastmod": "2026-01-18"
                    }
                ]
            }
        },
        {
            "countyName": "Lake",
            "cities": [
                {
                    "cityName": "Polson",
                    "cityDomain": "https://polson-city-mt.mydripnurse.com",
                    "citySitemap": "https://polson-city-mt.mydripnurse.com/sitemap.xml"
                },
                {
                    "cityName": "Ronan",
                    "cityDomain": "https://ronan-city-mt.mydripnurse.com",
                    "citySitemap": "https://ronan-city-mt.mydripnurse.com/sitemap.xml"
                },
                {
                    "cityName": "St. Ignatius",
                    "cityDomain": "https://st-ignatius-city-mt.mydripnurse.com",
                    "citySitemap": "https://st-ignatius-city-mt.mydripnurse.com/sitemap.xml"
                }
            ],
            "Timezone": {
                "Name": "Mountain",
                "Zone": "US/Mountain",
                "UTC_Offset": "-07:00"
            },
            "countyDomain": "https://lake-county-mt.mydripnurse.com",
            "countySitemap": "https://lake-county-mt.mydripnurse.com/sitemap.xml",
            "embeddedSitemap": {
                "sitemapindex": [
                    {
                        "loc": "https://lake-county-mt.mydripnurse.com/sitemap.xml",
                        "lastmod": "2026-01-18"
                    },
                    {
                        "loc": "https://polson-city-mt.mydripnurse.com/sitemap.xml",
                        "lastmod": "2026-01-18"
                    },
                    {
                        "loc": "https://ronan-city-mt.mydripnurse.com/sitemap.xml",
                        "lastmod": "2026-01-18"
                    },
                    {
                        "loc": "https://st-ignatius-city-mt.mydripnurse.com/sitemap.xml",
                        "lastmod": "2026-01-18"
                    }
                ]
            }
        },
        {
            "countyName": "Lewis and Clark",
            "cities": [
                {
                    "cityName": "Helena",
                    "cityDomain": "https://helena-city-mt.mydripnurse.com",
                    "citySitemap": "https://helena-city-mt.mydripnurse.com/sitemap.xml"
                },
                {
                    "cityName": "East Helena",
                    "cityDomain": "https://east-helena-city-mt.mydripnurse.com",
                    "citySitemap": "https://east-helena-city-mt.mydripnurse.com/sitemap.xml"
                }
            ],
            "Timezone": {
                "Name": "Mountain",
                "Zone": "US/Mountain",
                "UTC_Offset": "-07:00"
            },
            "countyDomain": "https://lewis-and-clark-county-mt.mydripnurse.com",
            "countySitemap": "https://lewis-and-clark-county-mt.mydripnurse.com/sitemap.xml",
            "embeddedSitemap": {
                "sitemapindex": [
                    {
                        "loc": "https://lewis-and-clark-county-mt.mydripnurse.com/sitemap.xml",
                        "lastmod": "2026-01-18"
                    },
                    {
                        "loc": "https://helena-city-mt.mydripnurse.com/sitemap.xml",
                        "lastmod": "2026-01-18"
                    },
                    {
                        "loc": "https://east-helena-city-mt.mydripnurse.com/sitemap.xml",
                        "lastmod": "2026-01-18"
                    }
                ]
            }
        },
        {
            "countyName": "Liberty",
            "cities": [
                {
                    "cityName": "Chester",
                    "cityDomain": "https://chester-city-mt.mydripnurse.com",
                    "citySitemap": "https://chester-city-mt.mydripnurse.com/sitemap.xml"
                }
            ],
            "Timezone": {
                "Name": "Mountain",
                "Zone": "US/Mountain",
                "UTC_Offset": "-07:00"
            },
            "countyDomain": "https://liberty-county-mt.mydripnurse.com",
            "countySitemap": "https://liberty-county-mt.mydripnurse.com/sitemap.xml",
            "embeddedSitemap": {
                "sitemapindex": [
                    {
                        "loc": "https://liberty-county-mt.mydripnurse.com/sitemap.xml",
                        "lastmod": "2026-01-18"
                    },
                    {
                        "loc": "https://chester-city-mt.mydripnurse.com/sitemap.xml",
                        "lastmod": "2026-01-18"
                    }
                ]
            }
        },
        {
            "countyName": "Lincoln",
            "cities": [
                {
                    "cityName": "Libby",
                    "cityDomain": "https://libby-city-mt.mydripnurse.com",
                    "citySitemap": "https://libby-city-mt.mydripnurse.com/sitemap.xml"
                },
                {
                    "cityName": "Eureka",
                    "cityDomain": "https://eureka-city-mt.mydripnurse.com",
                    "citySitemap": "https://eureka-city-mt.mydripnurse.com/sitemap.xml"
                },
                {
                    "cityName": "Troy",
                    "cityDomain": "https://troy-city-mt.mydripnurse.com",
                    "citySitemap": "https://troy-city-mt.mydripnurse.com/sitemap.xml"
                }
            ],
            "Timezone": {
                "Name": "Mountain",
                "Zone": "US/Mountain",
                "UTC_Offset": "-07:00"
            },
            "countyDomain": "https://lincoln-county-mt.mydripnurse.com",
            "countySitemap": "https://lincoln-county-mt.mydripnurse.com/sitemap.xml",
            "embeddedSitemap": {
                "sitemapindex": [
                    {
                        "loc": "https://lincoln-county-mt.mydripnurse.com/sitemap.xml",
                        "lastmod": "2026-01-18"
                    },
                    {
                        "loc": "https://libby-city-mt.mydripnurse.com/sitemap.xml",
                        "lastmod": "2026-01-18"
                    },
                    {
                        "loc": "https://eureka-city-mt.mydripnurse.com/sitemap.xml",
                        "lastmod": "2026-01-18"
                    },
                    {
                        "loc": "https://troy-city-mt.mydripnurse.com/sitemap.xml",
                        "lastmod": "2026-01-18"
                    }
                ]
            }
        },
        {
            "countyName": "Madison",
            "cities": [
                {
                    "cityName": "Virginia City",
                    "cityDomain": "https://virginia-city-city-mt.mydripnurse.com",
                    "citySitemap": "https://virginia-city-city-mt.mydripnurse.com/sitemap.xml"
                },
                {
                    "cityName": "Ennis",
                    "cityDomain": "https://ennis-city-mt.mydripnurse.com",
                    "citySitemap": "https://ennis-city-mt.mydripnurse.com/sitemap.xml"
                }
            ],
            "Timezone": {
                "Name": "Mountain",
                "Zone": "US/Mountain",
                "UTC_Offset": "-07:00"
            },
            "countyDomain": "https://madison-county-mt.mydripnurse.com",
            "countySitemap": "https://madison-county-mt.mydripnurse.com/sitemap.xml",
            "embeddedSitemap": {
                "sitemapindex": [
                    {
                        "loc": "https://madison-county-mt.mydripnurse.com/sitemap.xml",
                        "lastmod": "2026-01-18"
                    },
                    {
                        "loc": "https://virginia-city-city-mt.mydripnurse.com/sitemap.xml",
                        "lastmod": "2026-01-18"
                    },
                    {
                        "loc": "https://ennis-city-mt.mydripnurse.com/sitemap.xml",
                        "lastmod": "2026-01-18"
                    }
                ]
            }
        },
        {
            "countyName": "McCone",
            "cities": [
                {
                    "cityName": "Circle",
                    "cityDomain": "https://circle-city-mt.mydripnurse.com",
                    "citySitemap": "https://circle-city-mt.mydripnurse.com/sitemap.xml"
                }
            ],
            "Timezone": {
                "Name": "Mountain",
                "Zone": "US/Mountain",
                "UTC_Offset": "-07:00"
            },
            "countyDomain": "https://mccone-county-mt.mydripnurse.com",
            "countySitemap": "https://mccone-county-mt.mydripnurse.com/sitemap.xml",
            "embeddedSitemap": {
                "sitemapindex": [
                    {
                        "loc": "https://mccone-county-mt.mydripnurse.com/sitemap.xml",
                        "lastmod": "2026-01-18"
                    },
                    {
                        "loc": "https://circle-city-mt.mydripnurse.com/sitemap.xml",
                        "lastmod": "2026-01-18"
                    }
                ]
            }
        },
        {
            "countyName": "Meagher",
            "cities": [
                {
                    "cityName": "White Sulphur Springs",
                    "cityDomain": "https://white-sulphur-springs-city-mt.mydripnurse.com",
                    "citySitemap": "https://white-sulphur-springs-city-mt.mydripnurse.com/sitemap.xml"
                }
            ],
            "Timezone": {
                "Name": "Mountain",
                "Zone": "US/Mountain",
                "UTC_Offset": "-07:00"
            },
            "countyDomain": "https://meagher-county-mt.mydripnurse.com",
            "countySitemap": "https://meagher-county-mt.mydripnurse.com/sitemap.xml",
            "embeddedSitemap": {
                "sitemapindex": [
                    {
                        "loc": "https://meagher-county-mt.mydripnurse.com/sitemap.xml",
                        "lastmod": "2026-01-18"
                    },
                    {
                        "loc": "https://white-sulphur-springs-city-mt.mydripnurse.com/sitemap.xml",
                        "lastmod": "2026-01-18"
                    }
                ]
            }
        },
        {
            "countyName": "Mineral",
            "cities": [
                {
                    "cityName": "Superior",
                    "cityDomain": "https://superior-city-mt.mydripnurse.com",
                    "citySitemap": "https://superior-city-mt.mydripnurse.com/sitemap.xml"
                },
                {
                    "cityName": "St. Regis",
                    "cityDomain": "https://st-regis-city-mt.mydripnurse.com",
                    "citySitemap": "https://st-regis-city-mt.mydripnurse.com/sitemap.xml"
                }
            ],
            "Timezone": {
                "Name": "Mountain",
                "Zone": "US/Mountain",
                "UTC_Offset": "-07:00"
            },
            "countyDomain": "https://mineral-county-mt.mydripnurse.com",
            "countySitemap": "https://mineral-county-mt.mydripnurse.com/sitemap.xml",
            "embeddedSitemap": {
                "sitemapindex": [
                    {
                        "loc": "https://mineral-county-mt.mydripnurse.com/sitemap.xml",
                        "lastmod": "2026-01-18"
                    },
                    {
                        "loc": "https://superior-city-mt.mydripnurse.com/sitemap.xml",
                        "lastmod": "2026-01-18"
                    },
                    {
                        "loc": "https://st-regis-city-mt.mydripnurse.com/sitemap.xml",
                        "lastmod": "2026-01-18"
                    }
                ]
            }
        },
        {
            "countyName": "Missoula",
            "cities": [
                {
                    "cityName": "Missoula",
                    "cityDomain": "https://missoula-city-mt.mydripnurse.com",
                    "citySitemap": "https://missoula-city-mt.mydripnurse.com/sitemap.xml"
                },
                {
                    "cityName": "Lolo",
                    "cityDomain": "https://lolo-city-mt.mydripnurse.com",
                    "citySitemap": "https://lolo-city-mt.mydripnurse.com/sitemap.xml"
                },
                {
                    "cityName": "Bonner",
                    "cityDomain": "https://bonner-city-mt.mydripnurse.com",
                    "citySitemap": "https://bonner-city-mt.mydripnurse.com/sitemap.xml"
                }
            ],
            "Timezone": {
                "Name": "Mountain",
                "Zone": "US/Mountain",
                "UTC_Offset": "-07:00"
            },
            "countyDomain": "https://missoula-county-mt.mydripnurse.com",
            "countySitemap": "https://missoula-county-mt.mydripnurse.com/sitemap.xml",
            "embeddedSitemap": {
                "sitemapindex": [
                    {
                        "loc": "https://missoula-county-mt.mydripnurse.com/sitemap.xml",
                        "lastmod": "2026-01-18"
                    },
                    {
                        "loc": "https://missoula-city-mt.mydripnurse.com/sitemap.xml",
                        "lastmod": "2026-01-18"
                    },
                    {
                        "loc": "https://lolo-city-mt.mydripnurse.com/sitemap.xml",
                        "lastmod": "2026-01-18"
                    },
                    {
                        "loc": "https://bonner-city-mt.mydripnurse.com/sitemap.xml",
                        "lastmod": "2026-01-18"
                    }
                ]
            }
        },
        {
            "countyName": "Musselshell",
            "cities": [
                {
                    "cityName": "Roundup",
                    "cityDomain": "https://roundup-city-mt.mydripnurse.com",
                    "citySitemap": "https://roundup-city-mt.mydripnurse.com/sitemap.xml"
                },
                {
                    "cityName": "Melstone",
                    "cityDomain": "https://melstone-city-mt.mydripnurse.com",
                    "citySitemap": "https://melstone-city-mt.mydripnurse.com/sitemap.xml"
                }
            ],
            "Timezone": {
                "Name": "Mountain",
                "Zone": "US/Mountain",
                "UTC_Offset": "-07:00"
            },
            "countyDomain": "https://musselshell-county-mt.mydripnurse.com",
            "countySitemap": "https://musselshell-county-mt.mydripnurse.com/sitemap.xml",
            "embeddedSitemap": {
                "sitemapindex": [
                    {
                        "loc": "https://musselshell-county-mt.mydripnurse.com/sitemap.xml",
                        "lastmod": "2026-01-18"
                    },
                    {
                        "loc": "https://roundup-city-mt.mydripnurse.com/sitemap.xml",
                        "lastmod": "2026-01-18"
                    },
                    {
                        "loc": "https://melstone-city-mt.mydripnurse.com/sitemap.xml",
                        "lastmod": "2026-01-18"
                    }
                ]
            }
        },
        {
            "countyName": "Park",
            "cities": [
                {
                    "cityName": "Livingston",
                    "cityDomain": "https://livingston-city-mt.mydripnurse.com",
                    "citySitemap": "https://livingston-city-mt.mydripnurse.com/sitemap.xml"
                },
                {
                    "cityName": "Gardiner",
                    "cityDomain": "https://gardiner-city-mt.mydripnurse.com",
                    "citySitemap": "https://gardiner-city-mt.mydripnurse.com/sitemap.xml"
                }
            ],
            "Timezone": {
                "Name": "Mountain",
                "Zone": "US/Mountain",
                "UTC_Offset": "-07:00"
            },
            "countyDomain": "https://park-county-mt.mydripnurse.com",
            "countySitemap": "https://park-county-mt.mydripnurse.com/sitemap.xml",
            "embeddedSitemap": {
                "sitemapindex": [
                    {
                        "loc": "https://park-county-mt.mydripnurse.com/sitemap.xml",
                        "lastmod": "2026-01-18"
                    },
                    {
                        "loc": "https://livingston-city-mt.mydripnurse.com/sitemap.xml",
                        "lastmod": "2026-01-18"
                    },
                    {
                        "loc": "https://gardiner-city-mt.mydripnurse.com/sitemap.xml",
                        "lastmod": "2026-01-18"
                    }
                ]
            }
        },
        {
            "countyName": "Petroleum",
            "cities": [
                {
                    "cityName": "Winnett",
                    "cityDomain": "https://winnett-city-mt.mydripnurse.com",
                    "citySitemap": "https://winnett-city-mt.mydripnurse.com/sitemap.xml"
                }
            ],
            "Timezone": {
                "Name": "Mountain",
                "Zone": "US/Mountain",
                "UTC_Offset": "-07:00"
            },
            "countyDomain": "https://petroleum-county-mt.mydripnurse.com",
            "countySitemap": "https://petroleum-county-mt.mydripnurse.com/sitemap.xml",
            "embeddedSitemap": {
                "sitemapindex": [
                    {
                        "loc": "https://petroleum-county-mt.mydripnurse.com/sitemap.xml",
                        "lastmod": "2026-01-18"
                    },
                    {
                        "loc": "https://winnett-city-mt.mydripnurse.com/sitemap.xml",
                        "lastmod": "2026-01-18"
                    }
                ]
            }
        },
        {
            "countyName": "Phillips",
            "cities": [
                {
                    "cityName": "Malta",
                    "cityDomain": "https://malta-city-mt.mydripnurse.com",
                    "citySitemap": "https://malta-city-mt.mydripnurse.com/sitemap.xml"
                },
                {
                    "cityName": "Dodson",
                    "cityDomain": "https://dodson-city-mt.mydripnurse.com",
                    "citySitemap": "https://dodson-city-mt.mydripnurse.com/sitemap.xml"
                },
                {
                    "cityName": "Saco",
                    "cityDomain": "https://saco-city-mt.mydripnurse.com",
                    "citySitemap": "https://saco-city-mt.mydripnurse.com/sitemap.xml"
                },
                {
                    "cityName": "Landusky",
                    "cityDomain": "https://landusky-city-mt.mydripnurse.com",
                    "citySitemap": "https://landusky-city-mt.mydripnurse.com/sitemap.xml"
                }
            ],
            "Timezone": {
                "Name": "Mountain",
                "Zone": "US/Mountain",
                "UTC_Offset": "-07:00"
            },
            "countyDomain": "https://phillips-county-mt.mydripnurse.com",
            "countySitemap": "https://phillips-county-mt.mydripnurse.com/sitemap.xml",
            "embeddedSitemap": {
                "sitemapindex": [
                    {
                        "loc": "https://phillips-county-mt.mydripnurse.com/sitemap.xml",
                        "lastmod": "2026-01-18"
                    },
                    {
                        "loc": "https://malta-city-mt.mydripnurse.com/sitemap.xml",
                        "lastmod": "2026-01-18"
                    },
                    {
                        "loc": "https://dodson-city-mt.mydripnurse.com/sitemap.xml",
                        "lastmod": "2026-01-18"
                    },
                    {
                        "loc": "https://saco-city-mt.mydripnurse.com/sitemap.xml",
                        "lastmod": "2026-01-18"
                    },
                    {
                        "loc": "https://landusky-city-mt.mydripnurse.com/sitemap.xml",
                        "lastmod": "2026-01-18"
                    }
                ]
            }
        },
        {
            "countyName": "Pondera",
            "cities": [
                {
                    "cityName": "Conrad",
                    "cityDomain": "https://conrad-city-mt.mydripnurse.com",
                    "citySitemap": "https://conrad-city-mt.mydripnurse.com/sitemap.xml"
                },
                {
                    "cityName": "Valier",
                    "cityDomain": "https://valier-city-mt.mydripnurse.com",
                    "citySitemap": "https://valier-city-mt.mydripnurse.com/sitemap.xml"
                },
                {
                    "cityName": "Heart Butte",
                    "cityDomain": "https://heart-butte-city-mt.mydripnurse.com",
                    "citySitemap": "https://heart-butte-city-mt.mydripnurse.com/sitemap.xml"
                }
            ],
            "Timezone": {
                "Name": "Mountain",
                "Zone": "US/Mountain",
                "UTC_Offset": "-07:00"
            },
            "countyDomain": "https://pondera-county-mt.mydripnurse.com",
            "countySitemap": "https://pondera-county-mt.mydripnurse.com/sitemap.xml",
            "embeddedSitemap": {
                "sitemapindex": [
                    {
                        "loc": "https://pondera-county-mt.mydripnurse.com/sitemap.xml",
                        "lastmod": "2026-01-18"
                    },
                    {
                        "loc": "https://conrad-city-mt.mydripnurse.com/sitemap.xml",
                        "lastmod": "2026-01-18"
                    },
                    {
                        "loc": "https://valier-city-mt.mydripnurse.com/sitemap.xml",
                        "lastmod": "2026-01-18"
                    },
                    {
                        "loc": "https://heart-butte-city-mt.mydripnurse.com/sitemap.xml",
                        "lastmod": "2026-01-18"
                    }
                ]
            }
        },
        {
            "countyName": "Powder River",
            "cities": [
                {
                    "cityName": "Broadus",
                    "cityDomain": "https://broadus-city-mt.mydripnurse.com",
                    "citySitemap": "https://broadus-city-mt.mydripnurse.com/sitemap.xml"
                },
                {
                    "cityName": "Biddle",
                    "cityDomain": "https://biddle-city-mt.mydripnurse.com",
                    "citySitemap": "https://biddle-city-mt.mydripnurse.com/sitemap.xml"
                }
            ],
            "Timezone": {
                "Name": "Mountain",
                "Zone": "US/Mountain",
                "UTC_Offset": "-07:00"
            },
            "countyDomain": "https://powder-river-county-mt.mydripnurse.com",
            "countySitemap": "https://powder-river-county-mt.mydripnurse.com/sitemap.xml",
            "embeddedSitemap": {
                "sitemapindex": [
                    {
                        "loc": "https://powder-river-county-mt.mydripnurse.com/sitemap.xml",
                        "lastmod": "2026-01-18"
                    },
                    {
                        "loc": "https://broadus-city-mt.mydripnurse.com/sitemap.xml",
                        "lastmod": "2026-01-18"
                    },
                    {
                        "loc": "https://biddle-city-mt.mydripnurse.com/sitemap.xml",
                        "lastmod": "2026-01-18"
                    }
                ]
            }
        },
        {
            "countyName": "Powell",
            "cities": [
                {
                    "cityName": "Deer Lodge",
                    "cityDomain": "https://deer-lodge-city-mt.mydripnurse.com",
                    "citySitemap": "https://deer-lodge-city-mt.mydripnurse.com/sitemap.xml"
                },
                {
                    "cityName": "Elliston",
                    "cityDomain": "https://elliston-city-mt.mydripnurse.com",
                    "citySitemap": "https://elliston-city-mt.mydripnurse.com/sitemap.xml"
                },
                {
                    "cityName": "Garrison",
                    "cityDomain": "https://garrison-city-mt.mydripnurse.com",
                    "citySitemap": "https://garrison-city-mt.mydripnurse.com/sitemap.xml"
                },
                {
                    "cityName": "Goldcreek",
                    "cityDomain": "https://goldcreek-city-mt.mydripnurse.com",
                    "citySitemap": "https://goldcreek-city-mt.mydripnurse.com/sitemap.xml"
                }
            ],
            "Timezone": {
                "Name": "Mountain",
                "Zone": "US/Mountain",
                "UTC_Offset": "-07:00"
            },
            "countyDomain": "https://powell-county-mt.mydripnurse.com",
            "countySitemap": "https://powell-county-mt.mydripnurse.com/sitemap.xml",
            "embeddedSitemap": {
                "sitemapindex": [
                    {
                        "loc": "https://powell-county-mt.mydripnurse.com/sitemap.xml",
                        "lastmod": "2026-01-18"
                    },
                    {
                        "loc": "https://deer-lodge-city-mt.mydripnurse.com/sitemap.xml",
                        "lastmod": "2026-01-18"
                    },
                    {
                        "loc": "https://elliston-city-mt.mydripnurse.com/sitemap.xml",
                        "lastmod": "2026-01-18"
                    },
                    {
                        "loc": "https://garrison-city-mt.mydripnurse.com/sitemap.xml",
                        "lastmod": "2026-01-18"
                    },
                    {
                        "loc": "https://goldcreek-city-mt.mydripnurse.com/sitemap.xml",
                        "lastmod": "2026-01-18"
                    }
                ]
            }
        },
        {
            "countyName": "Prairie",
            "cities": [
                {
                    "cityName": "Terry",
                    "cityDomain": "https://terry-city-mt.mydripnurse.com",
                    "citySitemap": "https://terry-city-mt.mydripnurse.com/sitemap.xml"
                },
                {
                    "cityName": "Ismay",
                    "cityDomain": "https://ismay-city-mt.mydripnurse.com",
                    "citySitemap": "https://ismay-city-mt.mydripnurse.com/sitemap.xml"
                }
            ],
            "Timezone": {
                "Name": "Mountain",
                "Zone": "US/Mountain",
                "UTC_Offset": "-07:00"
            },
            "countyDomain": "https://prairie-county-mt.mydripnurse.com",
            "countySitemap": "https://prairie-county-mt.mydripnurse.com/sitemap.xml",
            "embeddedSitemap": {
                "sitemapindex": [
                    {
                        "loc": "https://prairie-county-mt.mydripnurse.com/sitemap.xml",
                        "lastmod": "2026-01-18"
                    },
                    {
                        "loc": "https://terry-city-mt.mydripnurse.com/sitemap.xml",
                        "lastmod": "2026-01-18"
                    },
                    {
                        "loc": "https://ismay-city-mt.mydripnurse.com/sitemap.xml",
                        "lastmod": "2026-01-18"
                    }
                ]
            }
        },
        {
            "countyName": "Ravalli",
            "cities": [
                {
                    "cityName": "Hamilton",
                    "cityDomain": "https://hamilton-city-mt.mydripnurse.com",
                    "citySitemap": "https://hamilton-city-mt.mydripnurse.com/sitemap.xml"
                },
                {
                    "cityName": "Victor",
                    "cityDomain": "https://victor-city-mt.mydripnurse.com",
                    "citySitemap": "https://victor-city-mt.mydripnurse.com/sitemap.xml"
                },
                {
                    "cityName": "Stevensville",
                    "cityDomain": "https://stevensville-city-mt.mydripnurse.com",
                    "citySitemap": "https://stevensville-city-mt.mydripnurse.com/sitemap.xml"
                },
                {
                    "cityName": "Corvallis",
                    "cityDomain": "https://corvallis-city-mt.mydripnurse.com",
                    "citySitemap": "https://corvallis-city-mt.mydripnurse.com/sitemap.xml"
                },
                {
                    "cityName": "Darby",
                    "cityDomain": "https://darby-city-mt.mydripnurse.com",
                    "citySitemap": "https://darby-city-mt.mydripnurse.com/sitemap.xml"
                }
            ],
            "Timezone": {
                "Name": "Mountain",
                "Zone": "US/Mountain",
                "UTC_Offset": "-07:00"
            },
            "countyDomain": "https://ravalli-county-mt.mydripnurse.com",
            "countySitemap": "https://ravalli-county-mt.mydripnurse.com/sitemap.xml",
            "embeddedSitemap": {
                "sitemapindex": [
                    {
                        "loc": "https://ravalli-county-mt.mydripnurse.com/sitemap.xml",
                        "lastmod": "2026-01-18"
                    },
                    {
                        "loc": "https://hamilton-city-mt.mydripnurse.com/sitemap.xml",
                        "lastmod": "2026-01-18"
                    },
                    {
                        "loc": "https://victor-city-mt.mydripnurse.com/sitemap.xml",
                        "lastmod": "2026-01-18"
                    },
                    {
                        "loc": "https://stevensville-city-mt.mydripnurse.com/sitemap.xml",
                        "lastmod": "2026-01-18"
                    },
                    {
                        "loc": "https://corvallis-city-mt.mydripnurse.com/sitemap.xml",
                        "lastmod": "2026-01-18"
                    },
                    {
                        "loc": "https://darby-city-mt.mydripnurse.com/sitemap.xml",
                        "lastmod": "2026-01-18"
                    }
                ]
            }
        },
        {
            "countyName": "Richland",
            "cities": [
                {
                    "cityName": "Sidney",
                    "cityDomain": "https://sidney-city-mt.mydripnurse.com",
                    "citySitemap": "https://sidney-city-mt.mydripnurse.com/sitemap.xml"
                },
                {
                    "cityName": "Fairview",
                    "cityDomain": "https://fairview-city-mt.mydripnurse.com",
                    "citySitemap": "https://fairview-city-mt.mydripnurse.com/sitemap.xml"
                }
            ],
            "Timezone": {
                "Name": "Mountain",
                "Zone": "US/Mountain",
                "UTC_Offset": "-07:00"
            },
            "countyDomain": "https://richland-county-mt.mydripnurse.com",
            "countySitemap": "https://richland-county-mt.mydripnurse.com/sitemap.xml",
            "embeddedSitemap": {
                "sitemapindex": [
                    {
                        "loc": "https://richland-county-mt.mydripnurse.com/sitemap.xml",
                        "lastmod": "2026-01-18"
                    },
                    {
                        "loc": "https://sidney-city-mt.mydripnurse.com/sitemap.xml",
                        "lastmod": "2026-01-18"
                    },
                    {
                        "loc": "https://fairview-city-mt.mydripnurse.com/sitemap.xml",
                        "lastmod": "2026-01-18"
                    }
                ]
            }
        },
        {
            "countyName": "Roosevelt",
            "cities": [
                {
                    "cityName": "Wolf Point",
                    "cityDomain": "https://wolf-point-city-mt.mydripnurse.com",
                    "citySitemap": "https://wolf-point-city-mt.mydripnurse.com/sitemap.xml"
                },
                {
                    "cityName": "Poplar",
                    "cityDomain": "https://poplar-city-mt.mydripnurse.com",
                    "citySitemap": "https://poplar-city-mt.mydripnurse.com/sitemap.xml"
                },
                {
                    "cityName": "Bainville",
                    "cityDomain": "https://bainville-city-mt.mydripnurse.com",
                    "citySitemap": "https://bainville-city-mt.mydripnurse.com/sitemap.xml"
                },
                {
                    "cityName": "Culbertson",
                    "cityDomain": "https://culbertson-city-mt.mydripnurse.com",
                    "citySitemap": "https://culbertson-city-mt.mydripnurse.com/sitemap.xml"
                },
                {
                    "cityName": "Froid",
                    "cityDomain": "https://froid-city-mt.mydripnurse.com",
                    "citySitemap": "https://froid-city-mt.mydripnurse.com/sitemap.xml"
                }
            ],
            "Timezone": {
                "Name": "Mountain",
                "Zone": "US/Mountain",
                "UTC_Offset": "-07:00"
            },
            "countyDomain": "https://roosevelt-county-mt.mydripnurse.com",
            "countySitemap": "https://roosevelt-county-mt.mydripnurse.com/sitemap.xml",
            "embeddedSitemap": {
                "sitemapindex": [
                    {
                        "loc": "https://roosevelt-county-mt.mydripnurse.com/sitemap.xml",
                        "lastmod": "2026-01-18"
                    },
                    {
                        "loc": "https://wolf-point-city-mt.mydripnurse.com/sitemap.xml",
                        "lastmod": "2026-01-18"
                    },
                    {
                        "loc": "https://poplar-city-mt.mydripnurse.com/sitemap.xml",
                        "lastmod": "2026-01-18"
                    },
                    {
                        "loc": "https://bainville-city-mt.mydripnurse.com/sitemap.xml",
                        "lastmod": "2026-01-18"
                    },
                    {
                        "loc": "https://culbertson-city-mt.mydripnurse.com/sitemap.xml",
                        "lastmod": "2026-01-18"
                    },
                    {
                        "loc": "https://froid-city-mt.mydripnurse.com/sitemap.xml",
                        "lastmod": "2026-01-18"
                    }
                ]
            }
        },
        {
            "countyName": "Rosebud",
            "cities": [
                {
                    "cityName": "Forsyth",
                    "cityDomain": "https://forsyth-city-mt.mydripnurse.com",
                    "citySitemap": "https://forsyth-city-mt.mydripnurse.com/sitemap.xml"
                },
                {
                    "cityName": "Colstrip",
                    "cityDomain": "https://colstrip-city-mt.mydripnurse.com",
                    "citySitemap": "https://colstrip-city-mt.mydripnurse.com/sitemap.xml"
                }
            ],
            "Timezone": {
                "Name": "Mountain",
                "Zone": "US/Mountain",
                "UTC_Offset": "-07:00"
            },
            "countyDomain": "https://rosebud-county-mt.mydripnurse.com",
            "countySitemap": "https://rosebud-county-mt.mydripnurse.com/sitemap.xml",
            "embeddedSitemap": {
                "sitemapindex": [
                    {
                        "loc": "https://rosebud-county-mt.mydripnurse.com/sitemap.xml",
                        "lastmod": "2026-01-18"
                    },
                    {
                        "loc": "https://forsyth-city-mt.mydripnurse.com/sitemap.xml",
                        "lastmod": "2026-01-18"
                    },
                    {
                        "loc": "https://colstrip-city-mt.mydripnurse.com/sitemap.xml",
                        "lastmod": "2026-01-18"
                    }
                ]
            }
        },
        {
            "countyName": "Sanders",
            "cities": [
                {
                    "cityName": "Thompson Falls",
                    "cityDomain": "https://thompson-falls-city-mt.mydripnurse.com",
                    "citySitemap": "https://thompson-falls-city-mt.mydripnurse.com/sitemap.xml"
                },
                {
                    "cityName": "Plains",
                    "cityDomain": "https://plains-city-mt.mydripnurse.com",
                    "citySitemap": "https://plains-city-mt.mydripnurse.com/sitemap.xml"
                },
                {
                    "cityName": "Hot Springs",
                    "cityDomain": "https://hot-springs-city-mt.mydripnurse.com",
                    "citySitemap": "https://hot-springs-city-mt.mydripnurse.com/sitemap.xml"
                }
            ],
            "Timezone": {
                "Name": "Mountain",
                "Zone": "US/Mountain",
                "UTC_Offset": "-07:00"
            },
            "countyDomain": "https://sanders-county-mt.mydripnurse.com",
            "countySitemap": "https://sanders-county-mt.mydripnurse.com/sitemap.xml",
            "embeddedSitemap": {
                "sitemapindex": [
                    {
                        "loc": "https://sanders-county-mt.mydripnurse.com/sitemap.xml",
                        "lastmod": "2026-01-18"
                    },
                    {
                        "loc": "https://thompson-falls-city-mt.mydripnurse.com/sitemap.xml",
                        "lastmod": "2026-01-18"
                    },
                    {
                        "loc": "https://plains-city-mt.mydripnurse.com/sitemap.xml",
                        "lastmod": "2026-01-18"
                    },
                    {
                        "loc": "https://hot-springs-city-mt.mydripnurse.com/sitemap.xml",
                        "lastmod": "2026-01-18"
                    }
                ]
            }
        },
        {
            "countyName": "Sheridan",
            "cities": [
                {
                    "cityName": "Plentywood",
                    "cityDomain": "https://plentywood-city-mt.mydripnurse.com",
                    "citySitemap": "https://plentywood-city-mt.mydripnurse.com/sitemap.xml"
                },
                {
                    "cityName": "Outlook",
                    "cityDomain": "https://outlook-city-mt.mydripnurse.com",
                    "citySitemap": "https://outlook-city-mt.mydripnurse.com/sitemap.xml"
                },
                {
                    "cityName": "Medicine Lake",
                    "cityDomain": "https://medicine-lake-city-mt.mydripnurse.com",
                    "citySitemap": "https://medicine-lake-city-mt.mydripnurse.com/sitemap.xml"
                }
            ],
            "Timezone": {
                "Name": "Mountain",
                "Zone": "US/Mountain",
                "UTC_Offset": "-07:00"
            },
            "countyDomain": "https://sheridan-county-mt.mydripnurse.com",
            "countySitemap": "https://sheridan-county-mt.mydripnurse.com/sitemap.xml",
            "embeddedSitemap": {
                "sitemapindex": [
                    {
                        "loc": "https://sheridan-county-mt.mydripnurse.com/sitemap.xml",
                        "lastmod": "2026-01-18"
                    },
                    {
                        "loc": "https://plentywood-city-mt.mydripnurse.com/sitemap.xml",
                        "lastmod": "2026-01-18"
                    },
                    {
                        "loc": "https://outlook-city-mt.mydripnurse.com/sitemap.xml",
                        "lastmod": "2026-01-18"
                    },
                    {
                        "loc": "https://medicine-lake-city-mt.mydripnurse.com/sitemap.xml",
                        "lastmod": "2026-01-18"
                    }
                ]
            }
        },
        {
            "countyName": "Silver Bow",
            "cities": [
                {
                    "cityName": "Butte",
                    "cityDomain": "https://butte-city-mt.mydripnurse.com",
                    "citySitemap": "https://butte-city-mt.mydripnurse.com/sitemap.xml"
                }
            ],
            "Timezone": {
                "Name": "Mountain",
                "Zone": "US/Mountain",
                "UTC_Offset": "-07:00"
            },
            "countyDomain": "https://silver-bow-county-mt.mydripnurse.com",
            "countySitemap": "https://silver-bow-county-mt.mydripnurse.com/sitemap.xml",
            "embeddedSitemap": {
                "sitemapindex": [
                    {
                        "loc": "https://silver-bow-county-mt.mydripnurse.com/sitemap.xml",
                        "lastmod": "2026-01-18"
                    },
                    {
                        "loc": "https://butte-city-mt.mydripnurse.com/sitemap.xml",
                        "lastmod": "2026-01-18"
                    }
                ]
            }
        },
        {
            "countyName": "Stillwater",
            "cities": [
                {
                    "cityName": "Columbus",
                    "cityDomain": "https://columbus-city-mt.mydripnurse.com",
                    "citySitemap": "https://columbus-city-mt.mydripnurse.com/sitemap.xml"
                },
                {
                    "cityName": "Absarokee",
                    "cityDomain": "https://absarokee-city-mt.mydripnurse.com",
                    "citySitemap": "https://absarokee-city-mt.mydripnurse.com/sitemap.xml"
                },
                {
                    "cityName": "Park City",
                    "cityDomain": "https://park-city-city-mt.mydripnurse.com",
                    "citySitemap": "https://park-city-city-mt.mydripnurse.com/sitemap.xml"
                }
            ],
            "Timezone": {
                "Name": "Mountain",
                "Zone": "US/Mountain",
                "UTC_Offset": "-07:00"
            },
            "countyDomain": "https://stillwater-county-mt.mydripnurse.com",
            "countySitemap": "https://stillwater-county-mt.mydripnurse.com/sitemap.xml",
            "embeddedSitemap": {
                "sitemapindex": [
                    {
                        "loc": "https://stillwater-county-mt.mydripnurse.com/sitemap.xml",
                        "lastmod": "2026-01-18"
                    },
                    {
                        "loc": "https://columbus-city-mt.mydripnurse.com/sitemap.xml",
                        "lastmod": "2026-01-18"
                    },
                    {
                        "loc": "https://absarokee-city-mt.mydripnurse.com/sitemap.xml",
                        "lastmod": "2026-01-18"
                    },
                    {
                        "loc": "https://park-city-city-mt.mydripnurse.com/sitemap.xml",
                        "lastmod": "2026-01-18"
                    }
                ]
            }
        },
        {
            "countyName": "Sweet Grass",
            "cities": [
                {
                    "cityName": "Big Timber",
                    "cityDomain": "https://big-timber-city-mt.mydripnurse.com",
                    "citySitemap": "https://big-timber-city-mt.mydripnurse.com/sitemap.xml"
                }
            ],
            "Timezone": {
                "Name": "Mountain",
                "Zone": "US/Mountain",
                "UTC_Offset": "-07:00"
            },
            "countyDomain": "https://sweet-grass-county-mt.mydripnurse.com",
            "countySitemap": "https://sweet-grass-county-mt.mydripnurse.com/sitemap.xml",
            "embeddedSitemap": {
                "sitemapindex": [
                    {
                        "loc": "https://sweet-grass-county-mt.mydripnurse.com/sitemap.xml",
                        "lastmod": "2026-01-18"
                    },
                    {
                        "loc": "https://big-timber-city-mt.mydripnurse.com/sitemap.xml",
                        "lastmod": "2026-01-18"
                    }
                ]
            }
        },
        {
            "countyName": "Teton",
            "cities": [
                {
                    "cityName": "Choteau",
                    "cityDomain": "https://choteau-city-mt.mydripnurse.com",
                    "citySitemap": "https://choteau-city-mt.mydripnurse.com/sitemap.xml"
                },
                {
                    "cityName": "Dutton",
                    "cityDomain": "https://dutton-city-mt.mydripnurse.com",
                    "citySitemap": "https://dutton-city-mt.mydripnurse.com/sitemap.xml"
                },
                {
                    "cityName": "Fairfield",
                    "cityDomain": "https://fairfield-city-mt.mydripnurse.com",
                    "citySitemap": "https://fairfield-city-mt.mydripnurse.com/sitemap.xml"
                }
            ],
            "Timezone": {
                "Name": "Mountain",
                "Zone": "US/Mountain",
                "UTC_Offset": "-07:00"
            },
            "countyDomain": "https://teton-county-mt.mydripnurse.com",
            "countySitemap": "https://teton-county-mt.mydripnurse.com/sitemap.xml",
            "embeddedSitemap": {
                "sitemapindex": [
                    {
                        "loc": "https://teton-county-mt.mydripnurse.com/sitemap.xml",
                        "lastmod": "2026-01-18"
                    },
                    {
                        "loc": "https://choteau-city-mt.mydripnurse.com/sitemap.xml",
                        "lastmod": "2026-01-18"
                    },
                    {
                        "loc": "https://dutton-city-mt.mydripnurse.com/sitemap.xml",
                        "lastmod": "2026-01-18"
                    },
                    {
                        "loc": "https://fairfield-city-mt.mydripnurse.com/sitemap.xml",
                        "lastmod": "2026-01-18"
                    }
                ]
            }
        },
        {
            "countyName": "Toole",
            "cities": [
                {
                    "cityName": "Shelby",
                    "cityDomain": "https://shelby-city-mt.mydripnurse.com",
                    "citySitemap": "https://shelby-city-mt.mydripnurse.com/sitemap.xml"
                },
                {
                    "cityName": "Sunburst",
                    "cityDomain": "https://sunburst-city-mt.mydripnurse.com",
                    "citySitemap": "https://sunburst-city-mt.mydripnurse.com/sitemap.xml"
                }
            ],
            "Timezone": {
                "Name": "Mountain",
                "Zone": "US/Mountain",
                "UTC_Offset": "-07:00"
            },
            "countyDomain": "https://toole-county-mt.mydripnurse.com",
            "countySitemap": "https://toole-county-mt.mydripnurse.com/sitemap.xml",
            "embeddedSitemap": {
                "sitemapindex": [
                    {
                        "loc": "https://toole-county-mt.mydripnurse.com/sitemap.xml",
                        "lastmod": "2026-01-18"
                    },
                    {
                        "loc": "https://shelby-city-mt.mydripnurse.com/sitemap.xml",
                        "lastmod": "2026-01-18"
                    },
                    {
                        "loc": "https://sunburst-city-mt.mydripnurse.com/sitemap.xml",
                        "lastmod": "2026-01-18"
                    }
                ]
            }
        },
        {
            "countyName": "Treasure",
            "cities": [
                {
                    "cityName": "Hysham",
                    "cityDomain": "https://hysham-city-mt.mydripnurse.com",
                    "citySitemap": "https://hysham-city-mt.mydripnurse.com/sitemap.xml"
                }
            ],
            "Timezone": {
                "Name": "Mountain",
                "Zone": "US/Mountain",
                "UTC_Offset": "-07:00"
            },
            "countyDomain": "https://treasure-county-mt.mydripnurse.com",
            "countySitemap": "https://treasure-county-mt.mydripnurse.com/sitemap.xml",
            "embeddedSitemap": {
                "sitemapindex": [
                    {
                        "loc": "https://treasure-county-mt.mydripnurse.com/sitemap.xml",
                        "lastmod": "2026-01-18"
                    },
                    {
                        "loc": "https://hysham-city-mt.mydripnurse.com/sitemap.xml",
                        "lastmod": "2026-01-18"
                    }
                ]
            }
        },
        {
            "countyName": "Valley",
            "cities": [
                {
                    "cityName": "Glasgow",
                    "cityDomain": "https://glasgow-city-mt.mydripnurse.com",
                    "citySitemap": "https://glasgow-city-mt.mydripnurse.com/sitemap.xml"
                },
                {
                    "cityName": "Fort Peck",
                    "cityDomain": "https://fort-peck-city-mt.mydripnurse.com",
                    "citySitemap": "https://fort-peck-city-mt.mydripnurse.com/sitemap.xml"
                }
            ],
            "Timezone": {
                "Name": "Mountain",
                "Zone": "US/Mountain",
                "UTC_Offset": "-07:00"
            },
            "countyDomain": "https://valley-county-mt.mydripnurse.com",
            "countySitemap": "https://valley-county-mt.mydripnurse.com/sitemap.xml",
            "embeddedSitemap": {
                "sitemapindex": [
                    {
                        "loc": "https://valley-county-mt.mydripnurse.com/sitemap.xml",
                        "lastmod": "2026-01-18"
                    },
                    {
                        "loc": "https://glasgow-city-mt.mydripnurse.com/sitemap.xml",
                        "lastmod": "2026-01-18"
                    },
                    {
                        "loc": "https://fort-peck-city-mt.mydripnurse.com/sitemap.xml",
                        "lastmod": "2026-01-18"
                    }
                ]
            }
        },
        {
            "countyName": "Wheatland",
            "cities": [
                {
                    "cityName": "Harlowton",
                    "cityDomain": "https://harlowton-city-mt.mydripnurse.com",
                    "citySitemap": "https://harlowton-city-mt.mydripnurse.com/sitemap.xml"
                }
            ],
            "Timezone": {
                "Name": "Mountain",
                "Zone": "US/Mountain",
                "UTC_Offset": "-07:00"
            },
            "countyDomain": "https://wheatland-county-mt.mydripnurse.com",
            "countySitemap": "https://wheatland-county-mt.mydripnurse.com/sitemap.xml",
            "embeddedSitemap": {
                "sitemapindex": [
                    {
                        "loc": "https://wheatland-county-mt.mydripnurse.com/sitemap.xml",
                        "lastmod": "2026-01-18"
                    },
                    {
                        "loc": "https://harlowton-city-mt.mydripnurse.com/sitemap.xml",
                        "lastmod": "2026-01-18"
                    }
                ]
            }
        },
        {
            "countyName": "Wibaux",
            "cities": [
                {
                    "cityName": "Wibaux",
                    "cityDomain": "https://wibaux-city-mt.mydripnurse.com",
                    "citySitemap": "https://wibaux-city-mt.mydripnurse.com/sitemap.xml"
                }
            ],
            "Timezone": {
                "Name": "Mountain",
                "Zone": "US/Mountain",
                "UTC_Offset": "-07:00"
            },
            "countyDomain": "https://wibaux-county-mt.mydripnurse.com",
            "countySitemap": "https://wibaux-county-mt.mydripnurse.com/sitemap.xml",
            "embeddedSitemap": {
                "sitemapindex": [
                    {
                        "loc": "https://wibaux-county-mt.mydripnurse.com/sitemap.xml",
                        "lastmod": "2026-01-18"
                    },
                    {
                        "loc": "https://wibaux-city-mt.mydripnurse.com/sitemap.xml",
                        "lastmod": "2026-01-18"
                    }
                ]
            }
        },
        {
            "countyName": "Yellowstone",
            "cities": [
                {
                    "cityName": "Billings",
                    "cityDomain": "https://billings-city-mt.mydripnurse.com",
                    "citySitemap": "https://billings-city-mt.mydripnurse.com/sitemap.xml"
                },
                {
                    "cityName": "Laurel",
                    "cityDomain": "https://laurel-city-mt.mydripnurse.com",
                    "citySitemap": "https://laurel-city-mt.mydripnurse.com/sitemap.xml"
                }
            ],
            "Timezone": {
                "Name": "Mountain",
                "Zone": "US/Mountain",
                "UTC_Offset": "-07:00"
            },
            "countyDomain": "https://yellowstone-county-mt.mydripnurse.com",
            "countySitemap": "https://yellowstone-county-mt.mydripnurse.com/sitemap.xml",
            "embeddedSitemap": {
                "sitemapindex": [
                    {
                        "loc": "https://yellowstone-county-mt.mydripnurse.com/sitemap.xml",
                        "lastmod": "2026-01-18"
                    },
                    {
                        "loc": "https://billings-city-mt.mydripnurse.com/sitemap.xml",
                        "lastmod": "2026-01-18"
                    },
                    {
                        "loc": "https://laurel-city-mt.mydripnurse.com/sitemap.xml",
                        "lastmod": "2026-01-18"
                    }
                ]
            }
        }
    ],
    "website": "https://www.mydripnurse.com",
    "ownerName": "Keishla",
    "ownerLastName": "Caraballo",
    "phone": "9392749203",
    "email": "keyla03@live.com",
    "twilio": {
        "sid": "secret",
        "authToken": "secret"
    },
    "mailgun": {
        "apiKey": "secret",
        "domain": "secret"
    },
    "customValues": {
        "businessInformation": {
            "favicon": "https://storage.googleapis.com/msgsndr/vMfl1L5xb2wJfNFNW5fb/media/656c2a9fe33f7c575831e093.png",
            "businessPhone": ""
        },
        "ivTherapyPrice": {
            "myersCocktailPrice": "299",
            "alleviatePrice": "219",
            "brainStormPrice": "199",
            "getLeanPrice": "179",
            "immunityDefensePrice": "279",
            "immunityDefenseAndGlutathionePrice": "299",
            "hangoverPrice": "219",
            "hydratePrice": "219",
            "nadPrice": "599",
            "nadBoostPrice": "797",
            "recoveryPerformancePrice": "219",
            "theGlowPrice": "199"
        },
        "vitaminPrice": {
            "vitaminD3": "100",
            "bComplex": "70",
            "biotin": "75",
            "vitaminC": "70",
            "aminoBlend": "80",
            "glutathione": "90",
            "lipoMino": "120",
            "triImmuneBoost": "120",
            "vitaminB12": "70",
            "ondansetron": "70"
        },
        "facebook": {
            "accessToken": "secret",
            "facebookPixel": "secret",
            "instagramUrl": "https://www.instagram.com/mydripnurse/",
            "facebookUrl": "https://www.facebook.com/MyDripNurse"
        }
    },
    "businessInformation": {
        "snapshotId": "secret",
        "companyId": "secret"
    }
}